date,portfolio_return,benchmark_return
2020-02-04,0.005446394506414531,0.015241336226737623
2020-02-05,0.0016513067998671807,0.011548034089492232
2020-02-06,0.004586766386655272,0.003364709272310362
2020-02-07,0.002916782705841037,-0.005329384606947207
2020-02-10,0.02081054535143281,0.007465185325385981
2020-02-11,0.007224794228424102,0.0017330094720471312
2020-02-12,0.00011791678252532907,0.006442742644124033
2020-02-13,0.0029459299606545697,-0.0010671304189908692
2020-02-14,0.004383269900155096,0.0016021091918185792
2020-02-18,0.01474791797610644,-0.002577030768113775
2020-02-19,0.01235151763025675,0.004781367531443648
2020-02-20,-0.01023921790793696,-0.004108187150332343
2020-02-21,-0.021417824752273697,-0.010298157729419999
2020-02-24,-0.03448838124344753,-0.03316530081575564
2020-02-25,-0.02784606960666778,-0.030302322919864344
2020-02-26,-0.00012666819801547817,-0.00367818036217471
2020-02-27,-0.04434727328399811,-0.04491168312301175
2020-02-28,-0.006896009561520479,-0.0042018471694927895
2020-03-03,-0.009721738369584785,-0.02863217524261763
2020-03-04,0.03746888177332739,0.04203306177289212
2020-03-05,-0.023493714101845378,-0.03324213334939974
2020-03-06,-0.007897666222409505,-0.016530897534090205
2020-03-09,-0.06194743286385878,-0.07809454577046959
2020-03-10,0.031906416366863845,0.05174485732892298
2020-03-11,-0.0276616781271777,-0.04874833453630456
2020-03-12,-0.09426100633466589,-0.09567707769403355
2020-03-13,0.050010160955541116,0.08548639225953814
2020-03-16,-0.10465583968268033,-0.10942385167268875
2020-03-17,0.05116261496886811,0.05399210491037221
2020-03-18,-0.04145694893265741,-0.05063308148221435
2020-03-19,0.01340887397174757,0.0021250734312119324
2020-03-20,-0.011468052360279434,-0.043094334460139216
2020-03-23,0.022567053040872857,-0.025568011421184922
2020-03-24,0.07171203481627911,0.09060325369512467
2020-03-25,-0.010925685754143589,0.014970123273876812
2020-03-26,0.04360356677221003,0.05838984018927196
2020-03-27,-0.021823722290213985,-0.02978562102621196
2020-03-30,0.02061733325467554,0.032475646498607125
2020-03-31,-0.014927946520532108,-0.014905285961076764
2020-04-01,-0.03111864595521381,-0.045004972978416546
2020-04-03,-0.019131492680989147,-0.014454333733157188
2020-04-06,0.07004492195229081,0.06716633837233776
2020-04-07,0.0017750174737596546,0.001019335116497988
2020-04-08,0.017464238818355304,0.03356859041927818
2020-04-09,0.012289471668112097,0.015216943614698053
2020-04-13,0.02186948586656463,-0.009129996985507427
2020-04-14,0.03817907076616494,0.02949282874995318
2020-04-15,0.0035492545409353095,-0.021247886329501364
2020-04-16,0.011008376417989773,0.004824271043145423
2020-04-17,-0.005816632418404,0.027015061933513884
2020-04-20,0.0012716522990899207,-0.01761768939466568
2020-04-21,-0.037437493074831005,-0.030363248832999012
2020-04-22,0.025109036234704264,0.02219460777368143
2020-04-23,0.010704447651032314,-7.200536849250039e-05
2020-04-24,0.004214456227845442,0.013939084054229722
2020-04-27,-0.00011611041128007911,0.014418233127022617
2020-04-28,-0.015919163028056873,-0.0045984756484018785
2020-04-29,0.01977145064793233,0.026178718445899918
2020-04-30,-0.003957696967455559,-0.009310978133163506
2020-05-01,-0.03444167042728297,-0.026473144688080597
2020-05-05,0.007843092687446119,0.00923917739061797
2020-05-06,-0.0016999758888036837,-0.006778748860635453
2020-05-07,0.009220318963298536,0.012067005712087964
2020-05-08,0.015028210645951168,0.01654617440423478
2020-05-11,0.01349950642602156,0.00020503010976402614
2020-05-12,-0.01666105938392166,-0.0199317234619103
2020-05-13,-0.010060396019162822,-0.017685714846677913
2020-05-14,0.015520659597836238,0.01196728633696309
2020-05-15,0.011527521250959526,0.004596952513377106
2020-05-18,0.015851853125862105,0.03045973934145052
2020-05-19,0.004851568936976802,-0.010271072269103732
2020-05-20,0.016083844178679696,0.016987968570710388
2020-05-21,-0.01754769838098829,-0.006903969286156442
2020-05-22,0.0037068072924295596,0.001898828120351137
2020-05-26,-0.004994441528429785,0.012321008290732127
2020-05-27,0.00316773781431825,0.01487877659407233
2020-05-28,-0.001575808472106699,-0.001844715368228611
2020-05-29,0.0195132019060694,0.004455628289158131
2020-06-01,0.010099872569448132,0.004041920125296139
2020-06-03,-0.004911563263893548,0.013308093074439808
2020-06-04,-0.007649053465605316,-0.002626768797575618
2020-06-05,0.006540033787011179,0.025629427027424878
2020-06-08,0.013233485095649387,0.012087398943364747
2020-06-09,0.015233814850348096,-0.007456421743220365
2020-06-10,0.013608693201631139,-0.005580376033683887
2020-06-11,-0.04677011405682523,-0.05764881869480254
2020-06-12,0.0026535362568637973,0.011975840820528383
2020-06-15,0.006960178763515958,0.009335627107764477
2020-06-16,0.006779988073085375,0.019247523864238225
2020-06-17,0.003687194083089218,-0.004153657944157785
2020-06-18,-0.004853978724632801,0.00038487814511478646
2020-06-19,0.002006498563836701,-0.005714776013402201
2020-06-22,0.007791022922497604,0.006415130934204427
2020-06-23,0.0051942326237566895,0.004603723431914508
2020-06-24,-0.02206607850483642,-0.025508882575245417
2020-06-25,0.004409297743551744,0.01072059494808797
2020-06-26,-0.024623649068183488,-0.02375150685754246
2020-06-29,0.008357654364355094,0.014697701091338944
2020-06-30,0.023062982036538893,0.012809473681589356
2020-07-01,0.011915737982960462,0.007004942980411988
2020-07-06,0.023844501496635598,0.015437150321180537
2020-07-07,-0.009627547433803164,-0.010313873325108025
2020-07-08,0.01719755636413334,0.007648933381867229
2020-07-09,0.018672201808579206,-0.005693231675506727
2020-07-10,0.004009818984374536,0.010210743976260872
2020-07-13,-0.014651295595566263,-0.008659022760462487
2020-07-14,0.008842436083292115,0.01295933323163645
2020-07-15,0.0004429147325826445,0.009187041171194954
2020-07-16,-0.005649616448964667,-0.0032934497864895995
2020-07-17,0.004154516490605231,0.0028990618252446865
2020-07-20,0.03562821737386828,0.00808146982238278
2020-07-21,0.005482181168886925,0.0021273812598354702
2020-07-22,0.03674317706846795,0.005692414481934138
2020-07-23,-0.02598482680438168,-0.011931829985617037
2020-07-24,0.03451233658573727,-0.006440557528431201
2020-07-27,0.019494375178868942,0.007292724010290463
2020-07-28,-0.011607724772861918,-0.006342468625732844
2020-07-29,0.028208728651050088,0.01229871161681717
2020-07-30,-0.0009217746035377963,-0.003567935402230993
2020-07-31,0.006865579913108878,0.007902269611849366
2020-08-04,0.03446176177314589,0.003862462798756683
2020-08-05,0.011021988704614238,0.006211031249304
2020-08-06,0.02327488965741061,0.006684445005559203
2020-08-07,-0.011404365540463868,0.0007180654844565204
2020-08-10,-0.0009696252998481203,0.0029888238324020655
2020-08-11,-0.047816227006098125,-0.008254791580633247
2020-08-12,0.028100589804430066,0.013942494502587222
2020-08-13,0.01683302579413506,-0.0018078754088892701
2020-08-14,-0.011796365992506842,2.965247591801834e-05
2020-08-17,0.014408041470872757,0.0031766352464126513
2020-08-18,0.01238307434738626,0.0021603461470363072
2020-08-19,-0.01466605679740105,-0.004163518938107513
2020-08-20,0.01494901367368211,0.0031135306281955266
2020-08-21,-0.004871559156172078,0.0035471369600037495
2020-08-24,0.0004886592358156695,0.010133352908499704
2020-08-25,0.014278562001272466,0.0034993334694461975
2020-08-26,0.015399111044228713,0.010025549047811388
2020-08-27,-0.012939821175457555,0.002186701870888097
2020-08-28,0.010856299200543785,0.006459014348770387
2020-08-31,0.019077014653865555,-0.00362249037445439
2020-09-01,0.006735632465563923,0.00941863214913985
2020-09-03,-0.04568719535995136,-0.0344146733563685
2020-09-04,-0.009242999982717293,-0.008164588577230125
2020-09-08,-0.02966131105694654,-0.027322960152532993
2020-09-09,0.025150998246942273,0.019747538494884198
2020-09-10,-0.021327654750881365,-0.017363702771684975
2020-09-11,-0.01035903329600032,0.0005089255973482754
2020-09-14,0.009544177098860974,0.013171261228040798
2020-09-15,0.008960623152718528,0.005052484855839312
2020-09-16,-0.01331702557644119,-0.0039685273705225566
2020-09-17,-0.008754978557240568,-0.00879533616124073
2020-09-18,-0.017178193352722082,-0.01151257447485543
2020-09-21,-0.013089212074558713,-0.011129630651996014
2020-09-22,0.015308961368817655,0.01018429942011001
2020-09-23,-0.03974030692139432,-0.023191067695043754
2020-09-24,0.010514802371524423,0.0026655958830459348
2020-09-25,0.01237912107144954,0.016167025227980192
2020-09-28,0.01929713244755762,0.016609232160713194
2020-09-29,0.008353040053557036,-0.005445990294595693
2020-09-30,-0.004647414153932772,0.007582014437595319
2020-10-01,0.02003610453600429,0.006419980339576137
2020-10-05,0.025985066971396756,0.01773301996438703
2020-10-06,-0.022771900092536067,-0.014215947228777392
2020-10-07,0.01754685900311133,0.017406621930998734
2020-10-08,0.0061052470197539895,0.008862626827287556
2020-10-09,0.013259607316229282,0.008930125044862125
2020-10-12,0.019108703947764698,0.01608732062160434
2020-10-13,-0.005600459837831885,-0.006525921328049078
2020-10-14,-0.00664857340206313,-0.006283352295226807
2020-10-15,-0.005696294157297133,-0.0012359678535122098
2020-10-16,-0.0019843144060682325,-0.000604482219596747
2020-10-19,-0.010271388278111561,-0.015203254115409126
2020-10-20,0.007068643772566397,0.004005836969759757
2020-10-21,-0.00028982025604811293,-0.0018928597585683438
2020-10-22,0.00041692469886804855,0.005485401304974102
2020-10-23,0.011545005361024697,0.0033948337514670968
2020-10-26,-0.009949029566631374,-0.018479708648297843
2020-10-27,-0.0012586697182560766,-0.003447338508790976
2020-10-28,-0.03909282373273444,-0.034179013113867396
2020-10-29,0.014693096924885341,0.010163208960436876
2020-10-30,-0.010028218654228205,-0.010424516503138026
2020-11-03,0.012803524726139399,0.017655866557916955
2020-11-04,0.028180723543595465,0.02234910172128557
2020-11-05,0.020915853997449437,0.01950304334558628
2020-11-06,0.006716334854749169,-0.00022853988883475562
2020-11-09,-0.019087686352309785,0.012565910106097533
2020-11-10,-0.016456979649061305,-0.0014664835313908942
2020-11-11,0.015543216550768084,0.007428316646985289
2020-11-12,-0.0029344626895343264,-0.009700955551531942
2020-11-13,0.007179982492269809,0.013844346563387733
2020-11-16,0.006214599495122449,0.012482852946909428
2020-11-17,-0.003187514539584953,-0.005378296327701371
2020-11-18,-0.007931256071337859,-0.012035091424888122
2020-11-19,0.00848032990908465,0.004210497021292836
2020-11-20,-0.0007260827821577811,-0.006847885165781609
2020-11-23,-0.0028654916057690256,0.005994222358355117
2020-11-24,0.004067995936005653,0.016113793003049715
2020-11-25,0.00721901275297208,-0.001541796264508899
2020-11-27,0.0064809091498555325,0.0027852583552092636
2020-11-30,-0.0028869536262907105,-0.004427550644460765
2020-12-01,0.01652181625308002,0.01093778450989391
2020-12-03,-0.0035397442211943706,-0.0002727401216293668
2020-12-04,0.11803642520091495,0.008617608400574461
2020-12-07,-0.007795572478365838,-0.0020547699566657585
2020-12-08,-0.01067167104733461,0.002926116948074764
2020-12-09,-0.020495444101801208,-0.008968974583574152
2020-12-10,0.02639583586689488,-0.0003269303726012307
2020-12-11,0.005174034687953039,-0.0011725177663701736
2020-12-14,0.004449726797676245,-0.0044773257907249064
2020-12-15,0.013952245963380516,0.013519487383102158
2020-12-16,0.0073244908897326004,0.001569322089456593
2020-12-17,0.0034044057750678607,0.005591872675559495
2020-12-18,0.0029291381595222257,-0.003992925260740576
2020-12-21,0.0004735781535047572,-0.0035755488671628255
2020-12-22,0.005924499909908289,-0.0016851883039293858
2020-12-23,0.007386757654219643,0.0008986759152094237
2020-12-24,0.01595061662900003,0.0038902321100375836
2020-12-28,0.01099878625144814,0.008590747590131675
2020-12-29,-0.012290955642189256,-0.0019075911075474572
2020-12-30,0.0018474152025677408,0.0014268269338666428
2020-12-31,-0.004700817309067869,0.005080991875281882
2021-01-05,0.007551096869565343,0.00688730790591463
2021-01-06,0.0006070233752520915,0.005978624614356942
2021-01-07,0.053142757167403534,0.01485751393397905
2021-01-08,0.006369432883407522,0.005697582867151274
2021-01-11,0.02909115326362286,-0.006740930981280369
2021-01-12,0.027147854857668963,0.00021133643880499875
2021-01-13,-0.01572000224943152,0.002692934516636436
2021-01-14,-0.002078410645091436,-0.003502086670016946
2021-01-15,-0.02459996547556751,-0.0072925151968791235
2021-01-19,0.02744434212186412,0.007852005169871168
2021-01-20,0.017922337231985237,0.013838557842704269
2021-01-21,0.005242976407375107,0.0009116468958656476
2021-01-22,0.005241065638846484,-0.0035394646049284884
2021-01-25,-0.009884784425343076,0.003943956371423418
2021-01-26,-0.007748107645382381,-0.0015607538157713652
2021-01-27,-0.05668546344518938,-0.02444062654154644
2021-01-28,0.038109930700441656,0.008600298100591042
2021-01-29,-0.01599005688957927,-0.020019729884975357
2021-02-01,0.06954549482971932,0.0166455870033253
2021-02-03,0.012921142415106723,0.0007862282558748213
2021-02-04,-0.004822449460362107,0.011365668765994652
2021-02-05,0.0053602744328671474,0.0039358870462891105
2021-02-08,0.03652610878549948,0.007221991321097132
2021-02-09,0.007910316925504276,-0.0006660538011739048
2021-02-10,-0.010361884175094444,-0.0004352843359212155
2021-02-11,-0.007244161652456263,0.0016149242500878014
2021-02-12,0.011208857488514318,0.004939713489086728
2021-02-16,0.030753816523446845,-0.0008660187193597624
2021-02-17,0.010136580573732679,0.00022958846080900486
2021-02-18,-0.026194547880762125,-0.004256034603495107
2021-02-19,0.00720833199340337,-0.0017661523282118674
2021-02-22,-0.023968017279817937,-0.007691594575692018
2021-02-23,-0.01816409265168178,0.0012144241182585613
2021-02-24,-0.005422780572604608,0.01101898183652783
2021-02-25,-0.04457491595511725,-0.02409543041496076
2021-02-26,0.010773664134690886,-0.005152645597360617
2021-03-01,0.018822450267810598,0.024240298903864366
2021-03-03,-0.04050581423438327,-0.013245606667984355
2021-03-04,-0.0222949260225632,-0.0123749746398647
2021-03-05,-0.0026134879467221337,0.01839687465149864
2021-03-08,-0.015589439925659641,-0.004978808702586712
2021-03-09,0.03775460349509441,0.014277357784399092
2021-03-10,0.028900485544192053,0.006224871892777983
2021-03-11,0.0323383753670652,0.010138938050275437
2021-03-12,0.0019765069365519365,0.001346890575213644
2021-03-15,0.0028232507410217806,0.005963545400001324
2021-03-16,-0.013790813475670537,-0.001261314013088377
2021-03-17,0.009944748391223241,0.003409782665062311
2021-03-18,-0.03520993106986764,-0.014549540552735718
2021-03-19,0.008538521766416191,-0.0018502418149806132
2021-03-22,-0.004686396345827274,0.007984943729321792
2021-03-23,-0.016373427560753624,-0.007870975399518643
2021-03-24,-0.023898115901330154,-0.0050833649429696814
2021-03-25,0.025907842817030534,0.005625720211255292
2021-03-26,-0.0035617083408021615,0.016114726955635206
2021-03-29,-0.010134086786005561,-0.0005052679948851502
2021-03-30,0.002071324264531308,-0.0026527629613034565
2021-03-31,0.006754129333220449,0.004053458230896867
2021-04-01,0.020582725569560457,0.010798992231089155
2021-04-06,0.0009731014003812226,-0.0005908337531904673
2021-04-07,0.003995850170692243,0.001157492751628908
2021-04-08,0.030682844493447825,0.0047468373451851065
2021-04-09,0.013561866937038333,0.007270037011039454
2021-04-12,-0.01886095747533382,0.0003644298996281492
2021-04-13,-0.007504842423283974,0.002963852493697905
2021-04-14,-0.00987727538585485,-0.0034151576805214745
2021-04-15,0.01536764540984272,0.010742539865472578
2021-04-16,0.0012247278390390968,0.003342250441317196
2021-04-19,-0.016527214719396333,-0.004912997361814497
2021-04-20,-0.015910611328643888,-0.007321475897659857
2021-04-21,0.01683668837392926,0.009461758147721655
2021-04-22,-0.013059116261936028,-0.00913279344185669
2021-04-23,0.027152773063734592,0.010842341217273566
2021-04-26,0.010909435919649988,0.0020878788864480136
2021-04-27,-0.0013486378288169267,-0.00021559395862502662
2021-04-28,0.010364495847810259,-0.0002873645076736375
2021-04-29,0.006473068659061739,0.00637255097131284
2021-04-30,-0.018496619195545013,-0.006570350449978779
2021-05-04,-0.015098052334206543,-0.006169537574150508
2021-05-05,-0.007495582715061973,0.00031306146040144256
2021-05-06,-0.0017493850569799698,0.007985389080701788
2021-05-07,-0.00044834416472392833,0.007277987894772853
2021-05-10,-0.021886962777606104,-0.009902379614145418
2021-05-11,0.00354111036178395,-0.008924688376206968
2021-05-12,-0.03303057331479629,-0.021245235089877856
2021-05-13,-0.014948241733092763,0.012012595409600868
2021-05-14,0.0316595463778541,0.015355484249584883
2021-05-17,0.020712142244855992,-0.0025447137701539724
2021-05-18,-0.004986339044094364,-0.00861569164130327
2021-05-19,-0.003054986875553889,-0.002621788291544691
2021-05-20,0.023845838735231974,0.01075796703664933
2021-05-21,0.006139739373476431,-0.0008186435735890729
2021-05-24,0.027279070841721948,0.010194270862496246
2021-05-25,0.009729762231186379,-0.002218735907458802
2021-05-26,0.009405699456907723,0.001984403693312542
2021-05-27,-0.008511085419174575,0.0005251715321883399
2021-05-28,0.0003137408223249927,0.0017887182981624061
2021-06-01,0.017940758888623155,-0.0008809704639060056
2021-06-03,-0.005202082552940098,-0.0037114618469474836
2021-06-04,0.01588116661385256,0.009145806025901537
2021-06-07,0.011536098282044159,-0.0009701677653085605
2021-06-08,-0.013560221975462621,0.00021317799691256134
2021-06-09,0.00014165619100734805,-0.0014920822642302545
2021-06-10,0.012105915345979268,0.004648626884553586
2021-06-11,0.010027326997876562,0.0016523220547994821
2021-06-14,0.012998739945230466,0.0022390122327404782
2021-06-15,-0.021757849804804587,-0.0018341795063830935
2021-06-16,-0.002144389018499171,-0.005583274511316683
2021-06-17,0.020863898591571638,-0.00033163875399566667
2021-06-18,-0.00582697345502009,-0.013490421835247068
2021-06-21,-0.010857987987621425,0.014315769961681823
2021-06-22,0.015412507752103604,0.005346377784097411
2021-06-23,-0.001400369729165444,-0.0012052639505790719
2021-06-24,0.0015420660287079888,0.005915694494048607
2021-06-25,-0.005750858639503197,0.0035521823626796234
2021-06-28,0.007316635829944352,0.002015868704045687
2021-06-29,0.009617470819628823,0.0005380183146570516
2021-06-30,0.005005549584857532,0.0008417915602594306
2021-07-01,0.005206676930214316,0.0055365073506983276
2021-07-06,0.0035046356386445603,-0.0018212946116458184
2021-07-07,-0.01414436264620572,0.0035340012770299634
2021-07-08,-0.011425614932796462,-0.008147962471123593
2021-07-09,0.002406149985374917,0.010674821341381646
2021-07-12,-0.0029076258610845618,0.003581893205440334
2021-07-13,-0.017461812605694883,-0.0034088223797924533
2021-07-14,-0.01037331839513587,0.0014921036170556512
2021-07-15,-0.009164553965136322,-0.0034155349922769807
2021-07-16,-0.010910246304619895,-0.007843544195120566
2021-07-19,-0.004742135869582331,-0.014767988407590305
2021-07-20,0.0030213712911422537,0.014330469160380055
2021-07-21,0.021106593378954524,0.008096042486497534
2021-07-22,0.0055951240053333145,0.0020942890486619348
2021-07-23,0.0013407872667523342,0.010288006604182165
2021-07-26,0.003255028902059827,0.002454966321639107
2021-07-27,-0.01573404268627413,-0.0045577370434576325
2021-07-28,0.022224190439509683,-0.0004100155054221899
2021-07-29,0.012101798228687585,0.004147355269994435
2021-07-30,-0.013754010251326203,-0.004856175492765402
2021-08-03,0.01768013428700558,0.008135550900429944
2021-08-04,0.0034149478423180684,-0.004919141256674586
2021-08-05,-0.011191915125738862,0.006332886394264214
2021-08-06,-0.009749492432320648,0.0016524974834999373
2021-08-09,-0.0025145103142305003,-0.0008135083938607401
2021-08-10,-0.00017857268527321523,0.0012439923412266296
2021-08-11,-0.00574109149753906,0.0024848201240277312
2021-08-12,-0.01982092597261594,0.002997052349612117
2021-08-13,0.006246513739754933,0.0018197838281570622
2021-08-16,-0.010099463646172072,0.0023545968866325317
2021-08-17,-0.006715238281270704,-0.0065553228717418754
2021-08-18,-0.01095560911313411,-0.010944869040390715
2021-08-19,-0.012428932357547938,0.0015482409623512883
2021-08-20,0.006121896096058417,0.007957035552353942
2021-08-23,0.03599391237462042,0.008796532755009911
2021-08-24,0.010512163724075985,0.0015875161004603733
2021-08-25,0.0025671088882993818,0.0020983974542556627
2021-08-26,-0.004562747521486832,-0.005903176616619654
2021-08-27,0.018439175616660714,0.008940753208457108
2021-08-30,0.0020943858104373785,0.004397651642625178
2021-08-31,0.001289349492382815,-0.0014814427515779105
2021-09-01,0.004853827947946939,0.0005313975539888993
2021-09-03,0.007351897246485624,-0.00024281262447922725
2021-09-07,-0.007632747442763747,-0.003575402526696081
2021-09-08,-0.014155063839677424,-0.0012182117805029646
2021-09-09,-0.002717960594264323,-0.004280286558713264
2021-09-10,-0.013625265711389075,-0.007884384924656596
2021-09-13,0.006096147118396843,0.002559109546250715
2021-09-14,-0.0035131471187441563,-0.005396507674059414
2021-09-15,0.0040469781936002995,0.008352715413106004
2021-09-16,0.003700467011726124,-0.0015852457566031264
2021-09-17,0.00012658678584283756,-0.009741135112363741
2021-09-20,-0.02633810285365138,-0.01667421414869008
2021-09-21,0.01111374868011807,-0.0009446266341597287
2021-09-22,0.010606730982629245,0.00975489131412699
2021-09-23,0.007863647021849773,0.012149941457423541
2021-09-24,-0.007901672113307388,0.0016471292123811931
2021-09-27,0.011141671435757134,-0.0028607974262231384
2021-09-28,-0.036071616766743635,-0.020152008629030993
2021-09-29,-0.016270585851896408,0.0016833540241087963
2021-09-30,0.007687103155485671,-0.012222427569226313
2021-10-01,0.012714507404515943,0.011884339253838139
2021-10-05,0.0009029955529443376,0.010404949891099191
2021-10-06,0.009855626926838315,0.004155914326941845
2021-10-07,0.015706562042026882,0.008645851727205
2021-10-08,-0.006635612636229138,-0.0018237434271246578
2021-10-11,-0.007023687693378225,-0.007239833056610134
2021-10-12,0.005864579106833505,-0.002461562570127529
2021-10-13,0.019114456578904093,0.003597747275314589
2021-10-14,0.010146685289724325,0.016820509096893144
2021-10-15,0.00019871948065001478,0.007615860533854324
2021-10-18,0.008974026099851354,0.0029605528766418754
2021-10-19,0.007074022117277682,0.007714810124492821
2021-10-20,0.004052069024274463,0.003927772551141073
2021-10-21,0.004953222901394938,0.0026081749244799557
2021-10-22,-0.016954432365674732,-0.0010360307438823657
2021-10-25,0.020716335987420138,0.005362794981053742
2021-10-26,0.015643715072615878,0.0009000235453096028
2021-10-27,0.01579362696673085,-0.004430249015738963
2021-10-28,-0.022176082530641888,0.009648731539673383
2021-10-29,-0.0008370952513432346,0.0020292026892057002
2021-11-01,0.005838072058268713,0.0017203353536563437
2021-11-03,0.01004323823112239,0.006105330977853818
2021-11-04,0.01705455190266984,0.004712421223939112
2021-11-05,0.0005380626634033563,0.003469512652599205
2021-11-08,0.020671463251357713,0.0008538759000522589
2021-11-09,-0.010641850892347296,-0.0033052989795991916
2021-11-10,-0.003709483935031547,-0.008044809204897585
2021-11-11,0.01971834859545333,0.00032339374183187886
2021-11-12,7.806609039934286e-05,0.007546788623459699
2021-11-15,0.0011109284663295047,0.0003425544738868691
2021-11-16,9.515168965729061e-05,0.003957836730750008
2021-11-17,-0.01756162637563261,-0.002429349449979634
2021-11-18,0.006131091562885251,0.0033964253817564405
2021-11-19,0.001758435916009623,-0.001788234321072335
2021-11-22,-0.012234100721644619,-0.002815343463064557
2021-11-23,-0.008597067115794405,0.001326200806176292
2021-11-24,0.0068895602184257014,0.0026697721807775743
2021-11-26,-0.023343835413502045,-0.022303048042082163
2021-11-29,0.012477248029198843,0.012266602936236382
2021-11-30,-0.012233252170900988,-0.019457537883945664
2021-12-01,-0.026701738614512527,-0.011107342144187737
2021-12-03,-0.026888609561690292,-0.00870151477025749
2021-12-06,0.008063355865558654,0.011843383100733407
2021-12-07,0.025516227536663896,0.020684975326404897
2021-12-08,0.003895892861332535,0.002647895386734156
2021-12-09,-0.015577808838080982,-0.006751509197993499
2021-12-10,-0.009217823312651603,0.009413421397612032
2021-12-13,-0.01243636846356172,-0.00885816367227854
2021-12-14,-0.010700307293500596,-0.006880171178875405
2021-12-15,0.028013974209456505,0.015624959605499589
2021-12-16,-0.011482306511413392,-0.008818626438253596
2021-12-17,0.0004651401892382112,-0.01064271566311037
2021-12-20,-0.013971999507534173,-0.010633447450375422
2021-12-21,0.029909614471386993,0.017759109389683836
2021-12-22,0.010682482480586028,0.009998706189950912
2021-12-23,0.005022292600528925,0.006221860386957712
2021-12-27,0.011247229524090296,0.014152243045582047
2021-12-28,-0.008495846894026788,-0.000817273083519976
2021-12-29,-0.010382957597924347,0.0012792768449403358
2021-12-30,0.0029809703252330517,-0.0027645427176749005
2021-12-31,-0.007034152566939232,-0.0025202247767311947
2022-01-04,-0.011882671593572886,-0.0003348406113441449
2022-01-05,-0.041777855843741954,-0.01920222465926591
2022-01-06,-0.01370186792621064,-0.0009394639180143605
2022-01-07,-0.006596166173853538,-0.003953471456400792
2022-01-10,-0.0018356532742494303,-0.0012443523245480037
2022-01-11,0.021140893316616168,0.009108181249625646
2022-01-12,0.0040180744746097785,0.0027035812475786347
2022-01-13,-0.023685201049510402,-0.01377858778019958
2022-01-14,0.002978996078983997,0.0004090698494754186
2022-01-18,-0.021446809520684673,-0.017709647094858227
2022-01-19,-0.004716710218337325,-0.010383614411782038
2022-01-20,-0.02022721111930873,-0.011067966892225778
2022-01-21,-0.03285694320858579,-0.019630670364204517
2022-01-24,-0.0045967895157626075,0.004246669700054717
2022-01-25,-0.023989426817492478,-0.012208918942906433
2022-01-26,-0.0077793044776450215,-0.0025087654564569517
2022-01-27,-0.028224503331728563,-0.0049379148273526186
2022-01-28,0.020422142418298556,0.02483536097667427
2022-01-31,0.040583823487307116,0.018011213235656465
2022-02-01,0.013825939031600731,0.006756726716739214
2022-02-03,-0.03792641816282362,-0.023505056549565473
2022-02-04,0.027164619224574207,0.0047022401017600135
2022-02-07,-0.0005592607329453033,-0.003209337226384834
2022-02-08,0.01509493274290426,0.008227957990426527
2022-02-09,0.02687111411137725,0.014636102127687511
2022-02-10,-0.03125022443820357,-0.01796569702422668
2022-02-11,-0.036537918870121644,-0.019718716201171604
2022-02-14,-0.0005367707569553706,-0.0032693767982581168
2022-02-15,0.02494157750843856,0.016127057586178273
2022-02-16,0.00048755232239330003,0.0011206841438236026
2022-02-17,-0.025552798141693513,-0.021361485321862106
2022-02-18,-0.006081385475357766,-0.006475057100941761
2022-02-22,-0.012435800030989114,-0.010731726598265268
2022-02-23,-0.016843871742179974,-0.017738470775075843
2022-02-24,0.04716283234576718,0.015049030806999708
2022-02-25,-0.019602230767699153,0.02206411521702556
2022-02-28,0.019666590123454893,-0.0025585824056113537
2022-03-01,-0.014122276908042556,-0.015230237624720755
2022-03-03,-0.021135484347994837,-0.004978637406163222
2022-03-04,-0.01488048566545924,-0.00812463865813029
2022-03-07,-0.02031001339781019,-0.0294790986011636
2022-03-08,0.017419945025760275,-0.007581801583987913
2022-03-09,0.02405642347276519,0.02681096223882795
2022-03-10,-0.0007749184516697327,-0.004515565877654115
2022-03-11,-0.021997436850562213,-0.01271514612003366
2022-03-14,-0.03271458965432639,-0.007308277807180241
2022-03-15,0.03254823175350694,0.021990464580894376
2022-03-16,0.04128049291875602,0.022174239981673782
2022-03-17,0.02354113368506433,0.012511009131098483
2022-03-18,0.02273417348995671,0.010952899554887097
2022-03-21,0.0035380855568756617,-0.00029266849855213994
2022-03-22,0.012658299782785171,0.011701482219109938
2022-03-23,-0.007835114240470675,-0.01287849192054813
2022-03-24,0.02663493129546853,0.015074454796782488
2022-03-25,-0.009476713936834245,0.004883585845532945
2022-03-28,0.001669022250808043,0.007112977162040401
2022-03-29,0.01849068243200669,0.012370941293036841
2022-03-30,-0.013983010309754294,-0.006174795806390243
2022-03-31,-0.024231443558501282,-0.015391406973952582
2022-04-01,0.005889743513731616,0.0028340451738126937
2022-04-05,-0.02115948355330414,-0.012631147456724778
2022-04-06,-0.02541622942349229,-0.009999567155348554
2022-04-07,-0.0013293086560499283,0.005039155738291612
2022-04-08,-0.013844421766957882,-0.002674074648479463
2022-04-11,-0.019637815140879644,-0.01709228692362963
2022-04-12,-0.00531002131459026,-0.003705273938115927
2022-04-13,0.02218687497997207,0.011453697296400778
2022-04-14,-0.02794793176082736,-0.012451868084925488
2022-04-18,0.001775245769099912,0.0004113329538599775
2022-04-19,0.018719953811672314,0.0161426047459865
2022-04-20,-0.02308688621053806,-0.0007415483292072533
2022-04-21,-0.042235523759739324,-0.014953565859499696
2022-04-22,-0.02762830118150652,-0.027439164067593502
2022-04-25,0.009758929442032974,0.005797677154559588
2022-04-26,-0.036037332161330926,-0.028960894180132812
2022-04-27,-0.0076575833349811955,0.00281175835496561
2022-04-28,0.029399971321662624,0.025259458789087308
2022-04-29,-0.0568255980430591,-0.03695563184577422
2022-05-03,0.008735304994180773,0.00458381252740625
2022-05-04,0.04098689618718743,0.030453043183998663
2022-05-05,-0.05009180045882214,-0.035542982896104136
2022-05-06,0.02293440577316075,-0.00596894837992068
2022-05-09,-0.06428552175015206,-0.03201707969573386
2022-05-10,-0.007477878978583097,0.00231058643580373
2022-05-11,-0.019679065972849574,-0.015886186484367015
2022-05-12,-0.0046799446766147175,-0.001044019819425257
2022-05-13,0.07012597310586233,0.02390786562999936
2022-05-16,-0.013338875032318601,-0.0040572922296012726
2022-05-17,0.041457664893569925,0.020570154858572165
2022-05-18,-0.041921273789856564,-0.04031157667023566
2022-05-19,0.01141386042160264,-0.006124699713496162
2022-05-20,-0.010407871556803469,0.00043661165899289145
2022-05-23,0.01216666997907643,0.018710059048511196
2022-05-24,-0.036488676383910804,-0.007633755413209209
2022-05-25,0.018848093354312312,0.008835052857053771
2022-05-26,0.0360639422706165,0.019981220711995817
2022-05-27,0.03935838915478525,0.024549175680534496
2022-05-31,-0.0025238322274296517,-0.005610959482978517
2022-06-01,-0.010005865868972508,-0.008088702967716688
2022-06-03,-0.01904790320493473,-0.016411550793765883
2022-06-06,0.015882493563934764,0.0030445173109818757
2022-06-07,0.003180918359323326,0.009592260584200485
2022-06-08,-0.015131522834970062,-0.010871976049377285
2022-06-09,-0.028788673633354203,-0.023782847858397127
2022-06-10,-0.03296395728657199,-0.02899577507646023
2022-06-13,-0.0656946316068151,-0.0379682519356247
2022-06-14,-0.019118843407801695,-0.0030131481737828425
2022-06-15,0.03342354022257901,0.014256177978213769
2022-06-16,-0.04005658922400949,-0.03309600536176205
2022-06-17,0.028964286010049467,0.002155711776554714
2022-06-21,0.029239218824916237,0.025173657156071894
2022-06-22,0.002782598775410187,-0.00181290849247695
2022-06-23,0.010129963336417504,0.009802593233737777
2022-06-24,0.027878732150202774,0.03179385992293238
2022-06-27,-0.020647542302258477,-0.0038197728578244217
2022-06-28,-0.033219778897470055,-0.020432985797863457
2022-06-29,-0.01759105568696658,-0.0008142946356751724
2022-06-30,-0.012941598036523505,-0.00812423873940571
2022-07-01,-0.0008369833746276387,0.010576482066125825
2022-07-06,0.003975221641554246,0.0033771349185522936
2022-07-07,0.03930162389936809,0.014977250982866064
2022-07-08,0.009315493947282278,-0.0008225217672717111
2022-07-11,-0.03609120097366497,-0.011423521850899787
2022-07-12,-0.008969656990937344,-0.008848943858451586
2022-07-13,0.0006146026797277195,-0.00525168886873717
2022-07-14,-0.007341418000600026,-0.0024284986446208023
2022-07-15,0.01427595277082405,0.019105140556960443
2022-07-18,0.002968088210128505,-0.008257098071811075
2022-07-19,0.03623013404957749,0.02701938138956983
2022-07-20,0.023611422169926583,0.00637306093712442
2022-07-21,0.009604924033610573,0.010183267502379412
2022-07-22,-0.03220770503177474,-0.009278385534256417
2022-07-25,-0.008672937565415687,0.0012149364312414868
2022-07-26,-0.020467806424415536,-0.011830790478827402
2022-07-27,0.04997552303939749,0.025966394079430355
2022-07-28,0.05637601112423625,0.012542289942915064
2022-07-29,0.03918245350705407,0.014578703389710235
2022-08-01,-0.0022958005461047124,-0.002961290322580634
2022-08-03,0.010168861906576971,0.015659441194241674
2022-08-04,0.024225159221999765,-0.000675484696199713
2022-08-05,0.021245816011747277,-0.001690239816111827
2022-08-08,0.00669025910374732,-0.0011610060586082493
2022-08-09,-0.013592511889903552,-0.003970929169510473
2022-08-10,0.022689656843993412,0.02100394425355323
2022-08-11,-0.011543574011670702,0.0
2022-08-12,0.0291011894866815,0.016929026508347933
2022-08-15,0.006579173256821502,0.004120918361953052
2022-08-16,-0.008016611140212366,0.0019586622941378806
2022-08-17,-0.021716837633079335,-0.007097915989561221
2022-08-18,0.01432050797758814,0.0029064498010662465
2022-08-19,-0.038230356985840076,-0.013438156854336358
2022-08-22,-0.026495584288674708,-0.020822638469828902
2022-08-23,-0.001035295079032013,-0.0024192196331611626
2022-08-24,0.016948899662039642,0.0032013999115581004
2022-08-25,0.02465265919717141,0.014117167270603526
2022-08-26,-0.04075432782826434,-0.03384878054068219
2022-08-29,-0.004917600434641086,-0.006612302115078572
2022-08-30,-0.008918106732968037,-0.010977735050352266
2022-08-31,-0.0004466138623548579,-0.007609109378665435
2022-09-01,-0.018864800968274992,0.003137742012129019
2022-09-06,-0.008407644297093526,-0.0037732651071439305
2022-09-07,0.037905739739887125,0.017965078361345865
2022-09-08,0.01251179455791899,0.006536206071632078
2022-09-09,0.02023639754163253,0.015535261417731983
2022-09-12,0.013759110914643288,0.01074760429686794
2022-09-13,-0.04658897897775436,-0.04348231287581872
2022-09-14,0.01831398214671698,0.00381576282588858
2022-09-15,-0.017873714136804053,-0.011353214294496539
2022-09-16,-0.007089943380972574,-0.00762899337625389
2022-09-19,0.006922645948526984,0.0077550582167040805
2022-09-20,-0.019033561919286807,-0.011478717618325973
2022-09-21,-0.009526244798523023,-0.017443670830894265
2022-09-22,-0.023443235263402733,-0.008400085354697384
2022-09-23,-0.035442109910855016,-0.01675448160437354
2022-09-26,-0.021769948690867957,-0.009892790899391657
2022-09-27,-0.00015174561370214412,-0.002552777090559011
2022-09-28,0.026570043014165094,0.019676234941889748
2022-09-29,-0.02782509662057562,-0.02088892473402415
2022-09-30,-0.003172627296267069,-0.015463560445650448
2022-10-04,0.030661075395207786,0.030986512447314762
2022-10-05,-0.00678413143004449,-0.002328126922280349
2022-10-06,-0.008915935139633752,-0.01031583785163992
2022-10-07,-0.04802121707970005,-0.027893884911606492
2022-10-10,-0.011189010421551125,-0.007635298351834741
2022-10-11,-0.010006760165132687,-0.006333082957008518
2022-10-12,-0.009034862362185443,-0.00329851934379799
2022-10-13,0.010958503939789846,0.02639131537698347
2022-10-14,-0.03836817459529447,-0.022788863661854064
2022-10-17,0.03936571027352168,0.02569692715048233
2022-10-18,0.0029841950478800006,0.011749543735528611
2022-10-19,-0.015615324779950127,-0.00708637876523488
2022-10-20,-0.0013304726494706891,-0.008385328004144599
2022-10-21,0.019477481888232097,0.024301707647226722
2022-10-24,0.0012951496875340989,0.012236174241907927
2022-10-25,0.03810713232779287,0.015968766712260996
2022-10-26,-0.017654974036981054,-0.007534213886796315
2022-10-27,-0.016304999716358792,-0.005339724974109061
2022-10-28,0.004267735885691383,0.023790464895416585
2022-10-31,-0.010557421618543207,-0.00722328905068359
2022-11-01,-0.012287723511853569,-0.0043758126869086755
2022-11-03,-0.003447890301710128,-0.010296955238915273
2022-11-04,0.03049958314751089,0.014393106465868888
2022-11-07,-0.003416574760235474,0.009565637127804116
2022-11-08,0.011042654002656211,0.005395340747715638
2022-11-09,-0.024849365010087464,-0.02060201454090904
2022-11-10,0.0937333823441709,0.05495408352589681
2022-11-11,0.023081032113796213,0.009678548023863476
2022-11-14,0.002323651441910564,-0.008506876168149824
2022-11-15,0.014542033944521655,0.008529254151965704
2022-11-16,-0.014897463120873736,-0.007628840681771942
2022-11-17,-0.012315569361406634,-0.0030598649594653082
2022-11-18,-0.006980876092717414,0.004540380057113769
2022-11-21,-0.012949242207154078,-0.003635939013120648
2022-11-22,0.011787147622259925,0.01345686113048239
2022-11-23,0.017895316518214594,0.0063016557926585115
2022-11-25,-0.0009692967367878978,-0.0002237318552712475
2022-11-28,-0.02125004215366575,-0.01595700660168564
2022-11-29,-0.00721930663707937,-0.0017175430008049553
2022-11-30,0.04779811027303771,0.0315006638777402
2022-12-01,-0.014729212090654862,-0.0007359942246983886
2022-12-05,-0.029076658531922095,-0.017989170412189726
2022-12-06,-0.03811360802019233,-0.014414821108928555
2022-12-07,0.007497749830837101,-0.0017012668396708674
2022-12-08,0.009586572757173912,0.007834069644809372
2022-12-09,-0.004704621612862428,-0.007470131827796989
2022-12-12,0.012617247258052779,0.014417086022919579
2022-12-13,0.022219730137015427,0.0075696807302145785
2022-12-14,-0.003058266357761741,-0.0063931373645028655
2022-12-15,-0.03269693510603953,-0.0244618462498164
2022-12-16,-0.007966490724969022,-0.01180624381791684
2022-12-19,-0.029734661121354367,-0.008479586949603601
2022-12-20,0.01440138966878864,0.0013683201349490304
2022-12-21,0.013747337215649727,0.014952449545243773
2022-12-22,-0.03241346932852577,-0.014266105386437467
2022-12-23,0.006292310771468209,0.005752238475655869
2022-12-27,-0.019700566397042596,-0.003943394275669365
2022-12-28,-0.018552746359109876,-0.012427893305440585
2022-12-29,0.03031616410797825,0.01800027763924361
2022-12-30,0.0010843901070634783,-0.0026342375705399323
2023-01-04,-0.0003487765910209126,0.007720072931575839
2023-01-05,-0.0339023376156143,-0.011413342104596658
2023-01-06,0.01672011094676856,0.022931978041160317
2023-01-09,0.02517871981975946,-0.000566834295495533
2023-01-10,0.024871281573166662,0.007012792395447054
2023-01-11,0.0192774586111721,0.012647875138444231
2023-01-12,0.00788915170629482,0.0036408419648714663
2023-01-13,0.023650668962194327,0.003879478949539994
2023-01-17,0.0020150417563268297,-0.0018318629593788716
2023-01-18,-0.01158520507557248,-0.015788009741999787
2023-01-19,-0.00816305271822946,-0.007279845513619154
2023-01-20,0.030271532523204282,0.018628991203162526
2023-01-23,0.025908076683374262,0.011998583448772804
2023-01-24,-0.019799328932931237,-0.0010732731606191148
2023-01-25,-0.002426991067282336,0.00037482754957918196
2023-01-26,0.0039909017553360435,0.010990504596082307
2023-01-27,0.012678454121046845,0.002297492265739498
2023-01-30,-0.021552155782311545,-0.012546710627277635
2023-01-31,0.022863628917397124,0.014703343978902828
2023-02-01,0.040583714202272206,0.010627705779854058
2023-02-03,-0.04087703288178566,-0.010629227637591332
2023-02-06,-0.013380846741733399,-0.006111249438542021
2023-02-07,0.013705303617738621,0.013078573071926503
2023-02-08,-0.023891829453615933,-0.010934730431642947
2023-02-09,-0.0197828860292454,-0.008669219593196997
2023-02-10,-0.010369509722926013,0.0023335735040561634
2023-02-13,0.005092261394872751,0.011739125631207603
2023-02-14,0.013298633341933706,-0.00046017933767084074
2023-02-15,0.017069099387936305,0.0032472043775322312
2023-02-16,-0.027776127629271025,-0.013768565400455568
2023-02-17,-0.030734907370786452,-0.002498462711779559
2023-02-21,-0.01977155056552761,-0.02006068360297808
2023-02-22,-0.0026648532562696574,-0.0013783491709182805
2023-02-23,0.0078086104106423835,0.005319469267076604
2023-02-24,-0.02433597129008184,-0.010682404503352783
2023-02-27,0.00830744600450393,0.0034058787209549912
2023-02-28,0.0033663355879838255,-0.00369596252233495
2023-03-01,-0.0015698108927370744,-0.003835938268625716
2023-03-03,0.02779569458987955,0.0160377286967055
2023-03-06,-0.005004720171791136,0.0006928497528486677
2023-03-07,-0.01589617261079342,-0.0153288420199309
2023-03-08,0.00398256631459613,0.0016322036750409108
2023-03-09,-0.01788039409666401,-0.01844991344937985
2023-03-10,-0.018756923840979912,-0.014429227624238039
2023-03-13,0.010902298476831792,-0.001425423929319658
2023-03-14,0.018704888386907922,0.016530081712060607
2023-03-15,-0.00424368508908729,-0.006254233020285382
2023-03-16,0.030352222231268433,0.017545094403511596
2023-03-17,0.003029863135012228,-0.011692665372922906
2023-03-20,-0.007220285879547908,0.009615542128595944
2023-03-21,0.02551681434432599,0.013130491721532911
2023-03-22,-0.013014876022187167,-0.017046379808703938
2023-03-23,0.0013618594056756797,0.0027033152633748614
2023-03-24,-0.0030704954488770713,0.0065619734699224885
2023-03-27,-0.006274704620092293,0.0018699450388477423
2023-03-28,-0.006289760405073212,-0.0022448668502729197
2023-03-29,-0.00608092335927048,0.014534965061240745
2023-03-30,0.008937328100751669,0.005855353094197824
2023-03-31,0.014313148960894787,0.01409463410216416
2023-04-04,-0.006367766041824725,-0.005547948942769665
2023-04-05,-0.02957669696457558,-0.002618459056772937
2023-04-06,0.009025237008481716,0.0039010273755504254
2023-04-10,0.006913406643791641,0.0010264208296031363
2023-04-11,0.002570432940561806,0.0002684642939014825
2023-04-12,-0.011519381321777026,-0.004075980399724566
2023-04-13,0.01954784478208236,0.013282627438786054
2023-04-14,-0.016368390474291228,-0.002442729523639109
2023-04-17,-0.005953949348365257,0.003588299094701597
2023-04-18,-0.008571989030245974,0.000652182948624791
2023-04-19,-0.001574655045268565,-0.00016881873006779902
2023-04-20,-0.0016093016764449626,-0.005457102912885925
2023-04-21,-0.0031908884560489788,0.0007768433270487485
2023-04-24,0.003840354160634607,0.0010431712221008471
2023-04-25,-0.027619930711631838,-0.015873924680064655
2023-04-26,0.002788741423964588,-0.004235493863818274
2023-04-27,0.021261471805839406,0.019908111115751748
2023-04-28,0.0029815186663570046,0.008535138408230392
2023-05-01,-0.012007257117589874,-0.0010097881011376098
2023-05-03,-0.006361069307016483,-0.006863951349661557
2023-05-04,0.012666409271448149,-0.007082925682841412
2023-05-05,0.03269543909270261,0.018512640490225163
2023-05-08,0.0019284841813979594,0.00026657610130698117
2023-05-09,0.0067913329673306615,-0.004385303173256916
2023-05-10,0.02701910902191408,0.004672374635953158
2023-05-11,-0.0013478536510995722,-0.0017440780861609495
2023-05-12,-0.00789334491842153,-0.0013101712431340395
2023-05-15,0.006313508950706167,0.0034499642232763694
2023-05-16,-0.005732055619504312,-0.006682698588385327
2023-05-17,0.01675059750483484,0.012139062667070766
2023-05-18,0.00261673028415077,0.009633151171123844
2023-05-19,-0.01018577435483738,-0.0014550813783380523
2023-05-22,0.022517219840572516,0.00040615493964790694
2023-05-23,0.005060568441809169,-0.011222951366380074
2023-05-24,0.004154950091398675,-0.007244735831327231
2023-05-25,0.010928713817081697,0.008660097519378906
2023-05-26,0.02891111665678421,0.012950541625863732
2023-05-30,0.008341780666207704,0.00038093172783293383
2023-05-31,-0.001096769053993548,-0.005545229463299162
2023-06-01,0.01642669437550078,0.009500996898118785
2023-06-05,0.00944881829729255,-0.0019162057780474084
2023-06-06,0.01796463396184611,0.0021775033235322816
2023-06-07,-0.018660042697704753,-0.0034576971852012806
2023-06-08,0.01278801580862382,0.006048535237498154
2023-06-09,-0.0023161787722739326,0.0017942839387634635
2023-06-12,0.03173713367063561,0.009071881903834234
2023-06-13,0.0015968766895846365,0.006592956819854612
2023-06-14,-0.006789933043553114,0.001190723223122525
2023-06-15,0.005210835855670596,0.012397730622668135
2023-06-16,-0.01668627932977936,-0.0034061828778929604
2023-06-20,-0.014378496802909903,-0.00518825604258677
2023-06-21,-0.01869736511757819,-0.005123635601742893
2023-06-22,-0.0031530072700113503,0.003609536321937279
2023-06-23,-0.01750835166129829,-0.007559809572606713
2023-06-26,-0.012499355481515723,-0.004085891067198366
2023-06-27,0.013854025535999532,0.010963343342810905
2023-06-28,0.0063936863123245265,0.0005044619926937166
2023-06-29,0.008875934797677934,0.00394131089509453
2023-06-30,0.013002493319204481,0.011800816424696325
2023-07-05,0.0012396632796247333,-0.0014871876504778392
2023-07-06,-0.018764856946221303,-0.007830634451691298
2023-07-07,0.018562869415496473,-0.0025247915697804713
2023-07-10,0.0002392016225519401,0.002531182277456301
2023-07-11,0.006001482996870014,0.00636841746546013
2023-07-12,0.030932931358822986,0.008045881485884143
2023-07-13,0.02029531808647829,0.007936943026499721
2023-07-14,-0.006916636087655859,-0.0006227474904362262
2023-07-17,0.011266899938210801,0.00347202570250027
2023-07-18,0.007292566909718153,0.007430716755703948
2023-07-19,0.0007075874757665286,0.002223685269411968
2023-07-20,-0.025407726529673488,-0.006634311230061085
2023-07-21,-0.0053781369988106596,0.0
2023-07-24,-0.005523850455325496,0.004467209005132755
2023-07-25,0.009235708044999198,0.0027299950786277005
2023-07-26,0.009262391451032338,0.0001536595676083774
2023-07-27,-0.022479936847488977,-0.006629796342080718
2023-07-28,0.021775149261694323,0.009790320038934874
2023-07-31,0.02217074576279428,0.0019040063576294397
2023-08-01,-0.0110687627462903,-0.0028616635918145006
2023-08-03,0.012604211774542056,-0.0028656311791200872
2023-08-04,0.02257344383826322,-0.004522775412276303
2023-08-07,-0.008073920379183844,0.008728329826199976
2023-08-08,0.003517522325901708,-0.00434866927350519
2023-08-09,-0.01720997026198199,-0.006685150866331924
2023-08-10,-0.006618291910945873,0.0003589579192881942
2023-08-11,0.006444690320129102,-0.0005832563042593719
2023-08-14,0.004825329806875223,0.005520128959737969
2023-08-15,-0.014643717816104278,-0.011648851498607615
2023-08-16,-0.02810878726906807,-0.007338070235937133
2023-08-17,-0.006015447896789816,-0.00762001511259891
2023-08-18,0.00452225169512982,0.0004812845733705995
2023-08-21,0.005252226709247223,0.006506487935920013
2023-08-22,-0.003967706622925912,-0.002708656253469499
2023-08-23,0.0199084444561294,0.01113761657507939
2023-08-24,-0.03173259554629452,-0.013859067674875547
2023-08-25,0.01017169135735237,0.007049747138904827
2023-08-28,0.004823867967988597,0.0063415150840426815
2023-08-29,0.02825094248892024,0.014454709615564276
2023-08-30,-0.0023023504523387852,0.004118844515145437
2023-08-31,-0.005376148194204399,-0.0014634498389939354
2023-09-01,0.008057371959587278,0.0018651750863321048
2023-09-06,-0.021683979449362973,-0.006722467457818904
2023-09-07,0.004561377616198588,-0.003070172124675863
2023-09-08,-0.0003117511620159273,0.0015060267632474034
2023-09-11,0.006592607959276908,0.0065766781088469894
2023-09-12,0.005567888264234137,-0.005485661592302682
2023-09-13,0.0017013334149759878,0.0011659501851086773
2023-09-14,0.01513675411510264,0.00862234436535747
2023-09-15,-0.016809549605903952,-0.012048227332235872
2023-09-18,-0.007379205103287247,0.0005865187787634785
2023-09-19,0.011420864317683155,-0.0020739071662191355
2023-09-20,-0.01745928801426762,-0.009193320228928714
2023-09-21,-0.031263188799521315,-0.016528461814823703
2023-09-22,0.0029904447176706817,-0.0022484797177915183
2023-09-25,0.0022171120376322513,0.004205302692139368
2023-09-26,-0.02350686556800004,-0.01469139206858494
2023-09-27,0.001978294275022441,0.00039915724296024635
2023-09-28,0.019344004918381022,0.005797557091754335
2023-09-29,-0.004364610480441733,-0.0024268632757358244
2023-10-03,-0.023505517049815183,-0.01338595000999332
2023-10-04,0.013104825008788956,0.007281922348852277
2023-10-05,-0.002605912622926013,-0.000376717512070357
2023-10-06,0.03058079724653602,0.011872663951996376
2023-10-09,-0.006987136399903708,0.006402272724946867
2023-10-10,0.025625953895956382,0.0052048537282045615
2023-10-11,0.0050900051024001525,0.004096208032365656
2023-10-12,-0.012564354946590063,-0.0060963261997598606
2023-10-13,-0.0075544590021235,-0.0049809725458588305
2023-10-16,0.006526302774421861,0.010521325531296366
2023-10-17,0.009340479509072814,-4.586972637676823e-05
2023-10-18,-0.022687434845281074,-0.013325010632614931
2023-10-19,-0.0011564548416710205,-0.008786350087727879
2023-10-20,-0.022244190152591863,-0.012288038062323814
2023-10-23,-0.0012196305339827738,-0.0017330876535470718
2023-10-24,0.008365014045149924,0.007539264732381756
2023-10-25,-0.042798258937988276,-0.014352220762665402
2023-10-26,-0.009804362116635804,-0.011974631305702643
2023-10-27,0.005316248644272751,-0.004532751941199842
2023-10-30,0.019715017430772214,0.011955748706256042
2023-10-31,0.016545531799835752,0.0062802884618651245
2023-11-01,0.023029348534083893,0.010664779034914362
2023-11-03,0.017887015026943787,0.009123407491087088
2023-11-06,-0.013677259544725297,0.0023005366666857263
2023-11-07,0.008862609926790277,0.0028460630973887735
2023-11-08,-0.01217299764863916,0.0007323487144050844
2023-11-09,-0.010339209585335723,-0.007798678313531648
2023-11-10,-0.0028780428678478924,0.015604731849851783
2023-11-13,-0.013049076084174124,-0.000953273221844686
2023-11-14,0.04749408531756609,0.019400861353819687
2023-11-15,0.005539448079518707,0.0021170203185669756
2023-11-16,-0.00884737198327625,0.0012231900864485556
2023-11-17,0.009334871808236833,0.0012436636477388685
2023-11-20,-0.0010488769248586842,0.007697751864449431
2023-11-21,-0.018949648063077675,-0.002179377339521449
2023-11-22,0.011104852757541878,0.0038607208900307555
2023-11-24,-0.0009248280144357746,0.0006151823555073932
2023-11-27,-0.009156625504169456,-0.0018006899461004977
2023-11-28,0.014093428518862822,0.0009900208933786292
2023-11-29,0.006481552761751591,-0.0007033722388619656
2023-11-30,0.0027640504969975717,0.0039374024291469745
2023-12-01,0.02777547779012172,0.005915893741904821
2023-12-05,-0.015160363412302296,-0.00019711476782202642
2023-12-06,-0.01909920403787953,-0.0040297184168928135
2023-12-07,0.03871398734907387,0.007630274164991624
2023-12-08,0.001769080888954647,0.004299202041733841
2023-12-11,-0.003248423699220996,0.0038895753063821203
2023-12-12,-0.003073100617546509,0.004567196613260549
2023-12-13,0.030834438918886927,0.01379016767742458
2023-12-14,0.027323500197191652,0.0032094841581562505
2023-12-15,-0.001308858706907649,-0.001646539048359985
2023-12-18,0.002549426898389902,0.005624936367236932
2023-12-19,0.009627296892829002,0.0060808707104518245
2023-12-20,-0.02349762430614821,-0.013857245953125319
2023-12-21,0.028046436475511305,0.009481910874178379
2023-12-22,7.703138132518017e-05,0.0020098235251895247
2023-12-26,0.012813662692595705,0.0042224633545124846
2023-12-27,-0.002485060524894426,0.0018080104593733992
2023-12-28,-0.003546758905789667,0.00037781567674510796
2023-12-29,-0.008052144463393899,-0.0028949680732826
2024-01-03,-0.02092771273037467,-0.008166647997635557
2024-01-04,-0.0009224722526013545,-0.003221125062330299
2024-01-05,0.0014336654595319413,0.0013696560092806287
2024-01-08,0.026790795733342792,0.014275972097395062
2024-01-09,0.011131833737202834,-0.0015170150404764104
2024-01-10,0.0009873685560747858,0.005655330510969447
2024-01-11,-0.0016787176441591667,-0.0004406402466691217
2024-01-12,-0.0034713463509234623,0.000692730543967901
2024-01-16,-0.018013626492807022,-0.003671187072697868
2024-01-17,-0.005195269109215842,-0.005558809055021041
2024-01-18,0.0067156814273082914,0.0088928137351314
2024-01-19,0.018410632320250087,0.012466209606660783
2024-01-22,0.005663015659003659,0.002114359233380547
2024-01-23,0.01747217500973952,0.0029164564940398208
2024-01-24,0.0038660039819111702,0.001093094881964296
2024-01-25,0.013643585453999074,0.005439019005126333
2024-01-26,-0.006978755164002851,-0.0012704752559132837
2024-01-29,0.019399237750009585,0.007919405851761763
2024-01-30,-0.023160824822163695,-0.0007735408789173448
2024-01-31,-0.028795080352307288,-0.016317262226129614
2024-02-01,0.024233917670330188,0.013088158589899868
2024-02-05,-0.017975911124399353,-0.003641178438682169
2024-02-06,0.009221318777949277,0.0029032077630000153
2024-02-07,0.0068656542338040305,0.008340467944388807
2024-02-08,0.0014718520806963524,0.0004416754813414414
2024-02-09,0.018546905529040147,0.005779409487996379
2024-02-12,0.0017579151470510737,-0.0004390060493737469
2024-02-13,-0.03363704727380493,-0.013772966648476825
2024-02-14,0.028610193865155252,0.009087667317702497
2024-02-15,-0.0006860672245305737,0.006899699140953119
2024-02-16,-0.015224290115744665,-0.004979936480471903
2024-02-20,-0.02659037786011161,-0.005505452833027169
2024-02-21,-0.0026829429138519783,0.0009058784143716192
2024-02-22,0.01549990269417345,0.020695399434599526
2024-02-23,-0.007969328249125163,0.0006897095252564878
2024-02-26,-0.010199087090023465,-0.0036625532242956504
2024-02-27,0.0006527660374305482,0.0018578164723304091
2024-02-28,0.006293349038015779,-0.001321748550077162
2024-02-29,0.01924979015780533,0.0035951134229530446
2024-03-01,0.009251601666032245,0.009388248501888352
2024-03-05,-0.025671628779129076,-0.009994101475497952
2024-03-06,0.008963424816495905,0.00506722667469206
2024-03-07,0.0031328433861672047,0.009926431185849793
2024-03-08,-0.00415563438322375,-0.006002189119436174
2024-03-11,-0.0211027960434641,-0.0008598396053856039
2024-03-12,0.00915491760940651,0.010757428064692265
2024-03-13,-0.012128059596694272,-0.001567472954389748
2024-03-14,-0.012487837227203237,-0.001976917736875916
2024-03-15,0.008659703038892703,-0.006866602651006248
2024-03-18,0.0002624983135606406,0.0059432302092738976
2024-03-19,-0.007043209249377735,0.005557194436520252
2024-03-20,0.02268923878066488,0.009249170673957474
2024-03-21,0.02078992142008836,0.003304632529139484
2024-03-22,-0.014504395599747456,-0.001895761702485399
2024-03-25,-0.0008293667085433887,-0.0027627035676313083
2024-03-26,-0.015065712034082116,-0.0018470447793349498
2024-03-27,0.035413089734798134,0.008403786517118705
2024-03-28,0.0046885488796474615,-0.00019104213784137958
2024-04-01,0.007647965434036063,-0.0017397334864186487
2024-04-03,0.02117446828918416,0.0010983161495736748
2024-04-04,-0.026721546679446703,-0.012206029543915253
2024-04-05,0.010150595985743414,0.010446744473987524
2024-04-08,0.011467393019783428,0.0005594244284525818
2024-04-09,0.0017380240247437486,0.001156927788774409
2024-04-10,-0.017154437047046833,-0.010013299800187836
2024-04-11,0.013137768695894114,0.0075469297768488985
2024-04-12,-0.022910280399708195,-0.013803005945966729
2024-04-15,-0.02197211603082479,-0.012528153591262248
2024-04-16,-0.0037965481336341327,-0.0018238493517245269
2024-04-17,-0.010282341651578467,-0.00591828116126103
2024-04-18,0.0014044027231288057,-0.0020576033010342165
2024-04-19,-0.0177499871391341,-0.008728378454451402
2024-04-22,0.006676969524230341,0.009209057614265381
2024-04-23,0.018310294175670462,0.011866605911773798
2024-04-24,-0.000594855391787811,-0.00047460947217670135
2024-04-25,-0.008115433820104321,-0.003798925397822228
2024-04-26,0.0441507071385571,0.00947402736718339
2024-04-29,0.00683991295400634,0.00354135285125623
2024-04-30,-0.025704951763657093,-0.015841101245575473
2024-05-01,-0.003149423349470529,-0.0032472500815430294
2024-05-03,-0.04075560074252247,0.012395303265201552
2024-05-06,0.02431036418420603,0.010326838720078335
2024-05-07,-0.012912146636764786,0.0011033841297598546
2024-05-08,0.0038807857827451633,9.669515375820836e-05
2024-05-09,0.009086944405138464,0.005761786792248813
2024-05-10,-0.023605487696144508,0.0012881316762685113
2024-05-13,-0.0006198171383069067,0.00013449533632803323
2024-05-14,0.030040421184075013,0.004587906527359298
2024-05-15,0.011839873318177705,0.01238320042540697
2024-05-16,0.00701573123599301,-0.002057589921140024
2024-05-17,0.007368099543094549,0.0014374920910811273
2024-05-20,0.009091858204280637,0.0011522056069923625
2024-05-21,-0.006478394702610578,0.0024524415255788856
2024-05-22,0.005725310773412652,-0.0028793125884677417
2024-05-23,-0.022141825385515124,-0.0073041499193599035
2024-05-24,0.009210803800518122,0.006616389864486871
2024-05-28,0.02569825805979498,0.000698826339181613
2024-05-29,-0.020744576871576378,-0.00700268343620114
2024-05-30,0.005430457991397151,-0.006633534056822765
2024-05-31,-0.010281935403700666,0.009107967077624624
2024-06-04,-0.020052143177394694,0.001118005187666915
2024-06-05,0.011854699597042993,0.011885127465900425
2024-06-06,0.010500430391976307,-1.889155106860052e-05
2024-06-07,-0.019976907711601856,-0.0012156126459166305
2024-06-10,0.010754054453758358,0.003089784131939055
2024-06-11,-0.012399643655645385,0.002408178938787975
2024-06-12,0.007358768838341447,0.008213238815266699
2024-06-13,-0.0145555469176211,0.00201346169948291
2024-06-14,-0.008559020121438794,0.0006082729954950405
2024-06-17,0.0068961586475725185,0.00795891438041485
2024-06-18,-0.01044419730014695,0.002540851351021667
2024-06-20,0.017619535473625603,-0.002716748477562536
2024-06-21,-0.0021442547723666827,-0.0013405883086473613
2024-06-24,0.010297337043249012,-0.0032506765870132792
2024-06-25,-0.012679799527560412,0.0038508959296206235
2024-06-26,-0.0016828341136643768,0.0012480604927769257
2024-06-27,0.015864883465613024,0.0015764451725310824
2024-06-28,-0.011402258703287722,-0.003935194137760778
2024-07-01,-0.00858175798829173,0.0020583366689184146
2024-07-03,0.011874543820232323,0.00446270389910941
2024-07-05,0.01595116517524342,0.005766543297254234
2024-07-08,0.004153761226000881,0.0011538228379379678
2024-07-09,-0.002609592348224369,0.0009725174558432581
2024-07-10,0.017562274418134256,0.009895302962586339
2024-07-11,0.012836929803022942,-0.008622601497454196
2024-07-12,0.01680463281966338,0.0063074529264053325
2024-07-15,-0.005649062404371019,0.002750288335785278
2024-07-16,0.008814086300014031,0.005930088945246714
2024-07-17,-0.04823564862257034,-0.014021165651191936
2024-07-18,-0.029801531204970845,-0.007685085145449522
2024-07-19,-0.016685792642616493,-0.00664051245638686
2024-07-22,0.020973320136183377,0.010309921415872836
2024-07-23,0.0035242302351852404,-0.0015683955247670633
2024-07-24,-0.040008073856647966,-0.02266270575652518
2024-07-25,-0.016749150389651357,-0.0052103261236523535
2024-07-26,0.0043385308928994455,0.011199568006933225
2024-07-29,-0.010224610745472817,0.0005878911545211807
2024-07-30,0.0008935675570960013,-0.005066241504117053
2024-07-31,0.026086039662880735,0.016254345324341557
2024-08-01,-0.043017007013796606,-0.014160823774459486
2024-08-05,-0.03187515850646746,-0.029123689157293686
2024-08-06,-0.004144111782508156,0.009219462044789184
2024-08-07,-0.07016791321196701,-0.00668376604301435
2024-08-08,0.011614469989629542,0.02311732111011877
2024-08-09,0.008627099234952546,0.0044096889243268045
2024-08-12,-0.015321844931103426,0.0005253096032542537
2024-08-13,0.018287632482601623,0.016445620250804094
2024-08-14,0.012198493436245518,0.0031548435993309365
2024-08-15,0.0063380196745676295,0.017140309920248287
2024-08-16,0.017651341179886152,0.0022419408233702587
2024-08-19,0.016295932230829036,0.009561229101629598
2024-08-20,0.005486745297171599,-0.0016260166213304394
2024-08-21,0.02022477957351032,0.0034366485968408966
2024-08-22,-0.023725744139010647,-0.007848707594485749
2024-08-23,0.05603442921127977,0.010625423269938317
2024-08-26,-0.0185694737774368,-0.002383810915512319
2024-08-27,-0.015148035329260788,0.001373127050270373
2024-08-28,-0.03219957103810031,-0.005805154948376412
2024-08-29,0.008805542124188768,8.938970873972885e-05
2024-08-30,0.0009310419077426428,0.009546034367994505
2024-09-04,0.006591237448962967,-0.0020468183524700034
2024-09-05,-0.008646675601880111,-0.002432183743636296
2024-09-06,-0.0336046438418137,-0.01683000667623169
2024-09-09,-0.0026647567975612123,0.011196185533371317
2024-09-10,0.0018444938100162225,0.004355751434514721
2024-09-11,0.05671472049933553,0.01025886514100205
2024-09-12,0.004838693854376169,0.008423324342266225
2024-09-13,0.015164572739266078,0.0052227427586593045
2024-09-16,-0.004965530271296352,0.0014768605097230658
2024-09-17,0.0070740204984650985,0.0004085605132226888
2024-09-18,-0.0086626130343887,-0.0029657106060716476
2024-09-19,0.008898915106472727,0.01706439830678952
2024-09-20,-0.008598628987479208,-0.001728717035514804
2024-09-23,-0.0007020087383974671,0.0024988883773886528
2024-09-24,0.0027730518940676423,0.002861370368871796
2024-09-25,-0.004848545161325528,-0.0022057362591025864
2024-09-26,0.010866408941842098,0.003964928458899619
2024-09-27,-0.00028286522190557094,-0.0014503103075099721
2024-09-30,0.004699434216074364,0.004007156697944048
2024-10-01,-0.010972444444095564,-0.008958547038959264
2024-10-03,0.0770199107737909,-0.0018282077257869567
2024-10-04,-0.00483501614947625,0.009087290320370034
2024-10-07,-0.0021053864505048247,-0.00904038305219601
2024-10-08,-0.012930725741218266,0.009457535807176232
2024-10-09,0.012072199748156246,0.006926622939449567
2024-10-10,0.011978704323961422,-0.0017500182506043904
2024-10-11,0.027774680682246238,0.005987981449399271
2024-10-14,0.01618199269066289,0.008178626400423106
2024-10-15,-0.008145058026023944,-0.007769884595343557
2024-10-16,0.01814570470321728,0.004346414969082613
2024-10-17,-0.012509161991643813,8.586898669693532e-05
2024-10-18,0.014999996357413595,0.0038465364627249254
2024-10-21,-0.007530096406077325,-0.0016421837079351187
2024-10-22,-0.003165693863019607,-0.0005311320001563091
2024-10-23,-0.024242968196248917,-0.009137287255054694
2024-10-24,0.013554001988877849,0.002162732227057873
2024-10-25,0.006518331659200941,-0.0003456112875298567
2024-10-28,0.020281736323884525,0.003091567186586097
2024-10-29,0.0034142611192816506,0.0016183584206801438
2024-10-30,-0.03458366835298656,-0.003025192542508992
2024-10-31,-0.05712731959623117,-0.019603293637058927
2024-11-01,0.014274347966875878,0.004220506251544576
2024-11-05,0.01852627963412501,0.01209183189698293
2024-11-06,-0.010513235916706108,0.0248654387602123
2024-11-07,0.00488375120692225,0.0077320735914521155
2024-11-08,-0.005323477469044435,0.004331804061520117
2024-11-11,0.018789087964596867,0.0009528204219899639
2024-11-12,-0.009772603128676857,-0.003106369055145941
2024-11-13,-0.015295625544999265,0.00048589972154977623
2024-11-14,-0.0062973503773651185,-0.006430142235875125
2024-11-15,-0.025402488465549745,-0.012808597820888501
2024-11-18,0.021501061743657197,0.0040973288821755105
2024-11-19,0.0013912058555379625,0.0036555348431992485
2024-11-20,-0.01370643947461377,0.0003388209806600706
2024-11-21,0.008144766706934441,0.005368199787983308
2024-11-22,0.015333039480814475,0.0030995004562939243
2024-11-25,0.005381876762476497,0.003391965367223193
2024-11-26,-0.00768638036560898,0.005221569865871967
2024-11-27,0.016244098475892806,-0.003030059523226214
2024-11-29,-0.004728289524803808,0.006212011081421442
