ticker,rank,score,sector,equal_weight,risk_parity_weight,volatility_annual,risk_contrib_ew,risk_contrib_rp,value_score,quality_score,tech_score,fund_score,sent_score,rsi,rsi,pe_ratio,pb_ratio
PLUG,1,0.3744356754476934,Industrials,0.003134796238244514,0.0008278822232673542,0.07208593221116559,0.010026847772998294,0.0031347962382445144,50.0,50.0,100.0,50.0,50.0,33.61343847527489,33.61343847527489,,
K,2,0.33931284608297796,Consumer Defensive,0.003134796238244514,0.013240153637900756,0.0045073994953084,0.0006269601738540919,0.0031347962382445144,50.0,50.0,100.0,50.0,50.0,56.00007846829881,56.00007846829881,,
SMCI,3,0.28404481384016655,Technology,0.003134796238244514,0.0011104962421371154,0.05374053469143653,0.0074750806996861496,0.0031347962382445144,50.0,50.0,100.0,50.0,50.0,16.928370185022132,16.928370185022132,,
XPEV,4,0.12442813630606278,Consumer Cyclical,0.003134796238244514,0.0014074416820884746,0.042402227093859816,0.005897970148472075,0.0031347962382445144,50.0,50.0,100.0,50.0,50.0,27.755911276781717,27.755911276781717,,
RUN,5,0.11729464355938458,Technology,0.003134796238244514,0.0008420170175145625,0.07087583811718795,0.009858528811182349,0.0031347962382445144,50.0,50.0,100.0,50.0,50.0,27.67624482482401,27.67624482482401,,
SEDG,6,0.1107667670854424,Technology,0.003134796238244514,0.0008809174206758376,0.0677460343325873,0.009423186364397929,0.0031347962382445144,50.0,50.0,100.0,50.0,50.0,46.11172025782419,46.11172025782419,,
BTG,7,0.1010487132786374,Basic Materials,0.003134796238244514,0.0019696373423044033,0.03029931477408816,0.004214506319707172,0.0031347962382445144,50.0,50.0,100.0,50.0,50.0,30.303022540889884,30.303022540889884,,
INTC,8,0.09622288631102693,Technology,0.003134796238244514,0.0014866562756493424,0.040142878217907546,0.005583704291731732,0.0031347962382445144,50.0,50.0,100.0,50.0,50.0,41.81818525742739,41.81818525742739,,
DIS,9,0.09348725660230132,Communication Services,0.003134796238244514,0.003190265674224558,0.018706486518488885,0.0026019930232584285,0.0031347962382445144,100.0,69.805,100.0,69.805,50.0,32.82673919074297,32.82673919074297,15.39,1.5
BILL,10,0.07002118894595459,Technology,0.003134796238244514,0.0015587947071949671,0.038285132448692104,0.005325299725716151,0.0031347962382445144,50.0,50.0,100.0,50.0,50.0,35.04089921118023,35.04089921118023,,
AI,11,0.061979060362586304,Technology,0.003134796238244514,0.0014603108115758526,0.040867095793722864,0.005684439888324396,0.0031347962382445144,50.0,50.0,100.0,50.0,50.0,35.146441140146095,35.146441140146095,,
WBD,12,0.048838980496720766,Communication Services,0.003134796238244514,0.0015461257738196665,0.038598840298641975,0.005368935158596836,0.0031347962382445144,50.0,50.0,100.0,50.0,50.0,49.48024754290097,49.48024754290097,,
LEU,13,0.04526130837622405,Energy,0.003134796238244514,0.0009904795666610677,0.06025228973320254,0.008380838238446655,0.0031347962382445144,50.0,50.0,100.0,50.0,50.0,42.608151985756564,42.608151985756564,,
JD,14,0.04017778673598745,Consumer Cyclical,0.003134796238244514,0.0023442280813476303,0.025457702814895032,0.0035410586080434248,0.0031347962382445144,50.0,50.0,100.0,50.0,50.0,14.124866749952972,14.124866749952972,,
NVDA,15,0.033136314855373675,Technology,0.003134796238244514,0.0019127168076964619,0.031200992005268265,0.004339925802539651,0.0031347962382445144,50.0,50.0,100.0,50.0,50.0,48.02276187819789,48.02276187819789,,
NUE,16,0.029948223351437236,Basic Materials,0.003134796238244514,0.0025731784953431994,0.02319258533105371,0.003225990362384864,0.0031347962382445144,50.0,50.0,100.0,50.0,50.0,8.304278320070168,8.304278320070168,,
DNN,17,0.026523586657147057,Energy,0.003134796238244514,0.0015311323067566918,0.0389768157604181,0.0054215099440078915,0.0031347962382445144,50.0,50.0,100.0,50.0,50.0,24.637685916773634,24.637685916773634,,
GOLD,18,0.014227443823881174,Financial Services,0.003134796238244514,0.0021638936852756262,0.02757929478299576,0.0038361630625193123,0.0031347962382445144,50.0,50.0,100.0,50.0,50.0,23.938209835441796,23.938209835441796,,
MRNA,19,0.013886295421896804,Healthcare,0.003134796238244514,0.0013992472261222541,0.0426505486029567,0.005932510618354353,0.0031347962382445144,50.0,50.0,100.0,50.0,50.0,26.726064907601952,26.726064907601952,,
EQIX,20,0.005662039807029845,Real Estate,0.003134796238244514,0.003482420178117087,0.01713712268275084,0.002383701162437397,0.0031347962382445144,50.0,50.0,100.0,50.0,50.0,36.544298198788965,36.544298198788965,,
CHPT,21,0.005003223515289193,Consumer Cyclical,0.003134796238244514,0.0012047685082808737,0.049535376642967796,0.006890161030618408,0.0031347962382445144,50.0,50.0,100.0,50.0,50.0,27.692310626690215,27.692310626690215,,
KGC,22,0.000385791586918582,Basic Materials,0.003134796238244514,0.0021310296858258982,0.028004613085504993,0.0038953230365047714,0.0031347962382445144,50.0,50.0,100.0,50.0,50.0,36.749124396708616,36.749124396708616,,
TWLO,23,0.00022418142606244894,Technology,0.003134796238244514,0.001638673635950039,0.036418882025083775,0.00506571219830514,0.0031347962382445144,50.0,50.0,100.0,50.0,50.0,47.0389897166113,47.0389897166113,,
LI,24,-0.0006247869843125358,Consumer Cyclical,0.003134796238244514,0.0019364029941474925,0.030819339778780538,0.004286839594734107,0.0031347962382445144,50.0,50.0,100.0,50.0,50.0,51.17891853611938,51.17891853611938,,
ALGN,25,-0.001636180204751865,Healthcare,0.003134796238244514,0.0018025423175337045,0.03310805036019004,0.004605189540310435,0.0031347962382445144,50.0,50.0,100.0,50.0,50.0,20.955941132811617,20.955941132811617,,
BAC,26,-0.002960238381937767,Financial Services,0.003134796238244514,0.0035572220970609774,0.016776760122621196,0.0023335762570269596,0.0031347962382445144,100.0,45.1,100.0,45.1,50.0,32.01444126444599,32.01444126444599,12.2,4.13
HAL,27,-0.0039045229843488872,Energy,0.003134796238244514,0.0022104296908777394,0.02699867001948465,0.003755400617776213,0.0031347962382445144,50.0,50.0,100.0,50.0,50.0,28.18925875231413,28.18925875231413,,
PG,28,-0.004351372028148406,Consumer Defensive,0.003134796238244514,0.005012623570944083,0.011905673941129315,0.0016560288059112563,0.003134796238244514,100.0,26.519999999999996,100.0,26.519999999999996,50.0,34.735851836153444,34.735851836153444,21.96,7.22
HD,29,-0.006168348589521021,Consumer Cyclical,0.003134796238244514,0.004105838495344184,0.014535072895086393,0.0020217670607565598,0.0031347962382445144,96.91085613415711,59.97,100.0,59.97,50.0,20.51627673464924,20.51627673464924,22.66,2.12
PSX,30,-0.0065264970176819185,Energy,0.003134796238244514,0.0026716925874728306,0.022337398436146405,0.00310703748836806,0.0031347962382445144,50.0,50.0,100.0,50.0,50.0,9.924658451882337,9.924658451882337,,
PAAS,31,-0.006579129654319312,Basic Materials,0.003134796238244514,0.0018819825839451177,0.03171052821337899,0.004410800130398668,0.0031347962382445144,50.0,50.0,100.0,50.0,50.0,20.70176054365382,20.70176054365382,,
LEN,32,-0.010729735007088381,Consumer Cyclical,0.003134796238244514,0.002673752485854602,0.0223201893746738,0.003104643780824728,0.0031347962382445144,50.0,50.0,100.0,50.0,50.0,2.0584965513827456,2.0584965513827456,,
VST,33,-0.011134709285859915,Utilities,0.003134796238244514,0.001436040837177802,0.0415577748767673,0.005780510422661023,0.0031347962382445144,50.0,50.0,100.0,50.0,50.0,40.38414608895252,40.38414608895252,,
LRCX,34,-0.011268976064760381,Technology,0.003134796238244514,0.0019532779952002198,0.030553081523432727,0.004249804199438725,0.0031347962382445144,50.0,50.0,100.0,50.0,50.0,38.378753995360555,38.378753995360555,,
MDB,35,-0.013173930231500514,Technology,0.003134796238244514,0.001363817149530088,0.04375855065749995,0.0060866290100057225,0.003134796238244514,50.0,50.0,100.0,50.0,50.0,5.722357581978159,5.722357581978159,,
AMT,36,-0.013693995893966249,Real Estate,0.003134796238244514,0.0038720526489433335,0.015412667966063321,0.0021438368171306935,0.0031347962382445144,50.0,50.0,100.0,50.0,50.0,14.914044027801637,14.914044027801637,,
REGN,37,-0.014204254694273376,Healthcare,0.003134796238244514,0.0022931708990869735,0.02602451559499583,0.0036198998644096747,0.0031347962382445144,50.0,50.0,100.0,50.0,50.0,20.883642865541688,20.883642865541688,,
FCX,38,-0.015213708245477041,Basic Materials,0.003134796238244514,0.0019496503151501935,0.030609931104841295,0.00425771173536505,0.0031347962382445144,50.0,50.0,100.0,50.0,50.0,16.24238805297516,16.24238805297516,,
DVN,39,-0.016120848661804434,Energy,0.003134796238244514,0.002269199875741897,0.0262994293553661,0.003658139203783971,0.0031347962382445144,50.0,50.0,100.0,50.0,50.0,24.649668641170607,24.649668641170607,,
BIDU,40,-0.016378930329952007,Communication Services,0.003134796238244514,0.002001440402528763,0.02981785605500781,0.004147537451619847,0.0031347962382445144,50.0,50.0,100.0,50.0,50.0,29.614513083635828,29.614513083635828,,
CVS,41,-0.018058547279626674,Healthcare,0.003134796238244514,0.002984655433241778,0.019995159629016098,0.002781241993370397,0.0031347962382445144,50.0,50.0,100.0,50.0,50.0,15.002896719774725,15.002896719774725,,
JNJ,42,-0.01816113510678626,Healthcare,0.003134796238244514,0.004847251734924685,0.012311855271574176,0.0017125269081578094,0.0031347962382445144,66.08486307553416,47.58500000000001,100.0,47.58500000000001,50.0,31.234844456512306,31.234844456512306,33.23,2.83
F,43,-0.018536775326047698,Consumer Cyclical,0.003134796238244514,0.0028604372732554894,0.020863475099860772,0.0029020209966798705,0.0031347962382445144,50.0,50.0,100.0,50.0,50.0,25.67563171660666,25.67563171660666,,
MPC,44,-0.018604885447912677,Energy,0.003134796238244514,0.002754673927265523,0.021664510356229582,0.0030134416071935354,0.003134796238244514,50.0,50.0,100.0,50.0,50.0,18.098359041191742,18.098359041191742,,
FANG,45,-0.018983202545783517,Energy,0.003134796238244514,0.002447716797447312,0.024381358941327504,0.003391343735243468,0.0031347962382445144,50.0,50.0,100.0,50.0,50.0,39.082475118513166,39.082475118513166,,
PLD,46,-0.02047048554973788,Real Estate,0.003134796238244514,0.0033842035912345523,0.017634477423241802,0.002452881099758226,0.003134796238244514,50.0,50.0,100.0,50.0,50.0,27.040417433158083,27.040417433158083,,
VLO,47,-0.021418879615492725,Energy,0.003134796238244514,0.002549821325094686,0.023405036752158867,0.003255541454993868,0.0031347962382445144,50.0,50.0,100.0,50.0,50.0,10.83750235885401,10.83750235885401,,
DOW,48,-0.021652825343273608,Basic Materials,0.003134796238244514,0.0019385991370339502,0.03078442607613438,0.004281983246610602,0.0031347962382445144,50.0,50.0,100.0,50.0,50.0,24.496147091297047,24.496147091297047,,
HSY,49,-0.02179524667324509,Consumer Defensive,0.003134796238244514,0.003489553456204982,0.017102091306026957,0.0023788284463482166,0.0031347962382445144,50.0,50.0,100.0,50.0,50.0,23.793505824032763,23.793505824032763,,
SLB,50,-0.021847133507931802,Energy,0.003134796238244514,0.002616798888225181,0.02280597950947466,0.003172215130488402,0.0031347962382445144,50.0,50.0,100.0,50.0,50.0,24.92538759974508,24.92538759974508,,
ICLN,51,-0.02213205741200052,ETF - Other,0.003134796238244514,0.004071453622831703,0.014657826750283093,0.0020388416019583083,0.0031347962382445144,50.0,50.0,100.0,50.0,50.0,23.617577891355566,23.617577891355566,,
ON,52,-0.02227070244788181,Technology,0.003134796238244514,0.001605184569322473,0.03717869145133205,0.005171398470505425,0.0031347962382445144,50.0,50.0,100.0,50.0,50.0,37.76102124104188,37.76102124104188,,
EGO,53,-0.02342252211303438,Basic Materials,0.003134796238244514,0.0020809634216692884,0.028678380986344808,0.003989041297042256,0.0031347962382445144,50.0,50.0,100.0,50.0,50.0,25.98423107662863,25.98423107662863,,
JPM,54,-0.023544168312133133,Financial Services,0.003134796238244514,0.0038230661515075317,0.015610156732900565,0.0021713066679214625,0.0031347962382445144,69.93630573248409,21.799999999999997,100.0,21.799999999999997,50.0,42.84349751595191,42.84349751595191,31.4,8.03
MLM,55,-0.023972581355879447,Basic Materials,0.003134796238244514,0.004147548599131366,0.014388899948701805,0.0020014350231873507,0.003134796238244515,50.0,50.0,100.0,50.0,50.0,12.751223519115626,12.751223519115626,,
MA,56,-0.024639729551342936,Financial Services,0.003134796238244514,0.004176016247794588,0.014290811693272667,0.0019877913624155668,0.0031347962382445144,100.0,32.78000000000001,100.0,32.78000000000001,50.0,52.39763471329955,52.39763471329955,19.04,5.02
XLP,57,-0.02474225480537134,ETF - Other,0.003134796238244514,0.006850779709213018,0.008711221840197679,0.0012116940522127412,0.0031347962382445144,50.0,50.0,100.0,50.0,50.0,25.324187706787924,25.324187706787924,,
CCI,58,-0.024817565373836593,Real Estate,0.003134796238244514,0.003650559543683689,0.0163478121945819,0.0022739114175074552,0.0031347962382445144,50.0,50.0,100.0,50.0,50.0,4.150892346115825,4.150892346115825,,
CEG,59,-0.025599962956714895,Utilities,0.003134796238244514,0.0015212525123536249,0.039229951201820504,0.005456720011479275,0.0031347962382445144,50.0,50.0,100.0,50.0,50.0,31.561749958910397,31.561749958910397,,
PDD,60,-0.026477138412806012,Consumer Cyclical,0.003134796238244514,0.0023323508196365153,0.025587343603214956,0.0035590910924655932,0.0031347962382445144,50.0,50.0,100.0,50.0,50.0,19.5569182384438,19.5569182384438,,
ODFL,61,-0.026585577732375295,Industrials,0.003134796238244514,0.0023928067500094993,0.024940861532191275,0.0034691681752570254,0.0031347962382445144,50.0,50.0,100.0,50.0,50.0,8.320297815513143,8.320297815513143,,
V,62,-0.02686118317604224,Financial Services,0.003134796238244514,0.00421598966571113,0.01415531501669686,0.001968944348745924,0.003134796238244514,96.61240651121865,26.134999999999998,100.0,26.134999999999998,50.0,59.67429976230347,59.67429976230347,22.73,6.92
OKTA,63,-0.02735057185555607,Technology,0.003134796238244514,0.0020420673348871704,0.02922462976891844,0.0040650221884734284,0.0031347962382445144,50.0,50.0,100.0,50.0,50.0,40.74844239724897,40.74844239724897,,
NEM,64,-0.027693560387900523,Basic Materials,0.003134796238244514,0.0023353527879892534,0.025554452471681192,0.0035545160754150455,0.0031347962382445144,50.0,50.0,100.0,50.0,50.0,24.096388613763636,24.096388613763636,,
TAN,65,-0.027969181284349602,ETF - Other,0.003134796238244514,0.0024709095324367955,0.024152507828331872,0.00335951151497105,0.0031347962382445144,50.0,50.0,100.0,50.0,50.0,32.129273750865536,32.129273750865536,,
AEM,66,-0.02842575925397996,Basic Materials,0.003134796238244514,0.0025327949738222,0.023562373757880388,0.0032774263659194527,0.0031347962382445144,50.0,50.0,100.0,50.0,50.0,29.484087790648843,29.484087790648843,,
BIIB,67,-0.028630009126062384,Healthcare,0.003134796238244514,0.0029300597368096403,0.020367728710630292,0.002833064774205472,0.0031347962382445144,50.0,50.0,100.0,50.0,50.0,35.32989885791197,35.32989885791197,,
SWK,68,-0.02897413745404048,Industrials,0.003134796238244514,0.002109306474562494,0.028293025477797346,0.0039354399783914406,0.0031347962382445144,50.0,50.0,100.0,50.0,50.0,25.14569646066478,25.14569646066478,,
AGI,69,-0.02941891581239236,Basic Materials,0.003134796238244514,0.0022615107847380436,0.02638884688413824,0.0036705768032119636,0.0031347962382445144,50.0,50.0,100.0,50.0,50.0,31.578947368421012,31.578947368421012,,
NSC,70,-0.02981910459317111,Industrials,0.003134796238244514,0.0041845574807523,0.014261642264393155,0.001983734018436947,0.0031347962382445144,50.0,50.0,100.0,50.0,50.0,20.892554276555387,20.892554276555387,,
UPS,71,-0.03055994995441718,Industrials,0.003134796238244514,0.0029103851732083545,0.02050541707491277,0.00285221664234986,0.0031347962382445144,50.0,50.0,100.0,50.0,50.0,38.54388674778171,38.54388674778171,,
LCID,72,-0.030813423716175462,Consumer Cyclical,0.003134796238244514,0.001249117532009074,0.04777665855773612,0.006645530795906598,0.0031347962382445144,50.0,50.0,100.0,50.0,50.0,67.24137779837616,67.24137779837616,,
AMD,73,-0.03134834205026537,Technology,0.003134796238244514,0.0015675389213062252,0.03807156620745947,0.005295593566350436,0.0031347962382445144,50.0,50.0,100.0,50.0,50.0,35.57990915730109,35.57990915730109,,
DXCM,74,-0.03202011492713067,Healthcare,0.003134796238244514,0.002116050285889161,0.028202856152921087,0.003922897807310406,0.0031347962382445144,50.0,50.0,100.0,50.0,50.0,48.91705277140988,48.91705277140988,,
OXY,75,-0.03231770480982035,Energy,0.003134796238244514,0.0026052948961304222,0.022906682047363902,0.0031862224268747784,0.0031347962382445144,50.0,50.0,100.0,50.0,50.0,49.725243387606305,49.725243387606305,,
DLTR,76,-0.03304454743170029,Consumer Defensive,0.003134796238244514,0.0022065247322179114,0.02704645044485539,0.0037620466725198504,0.0031347962382445144,50.0,50.0,100.0,50.0,50.0,61.04526159984007,61.04526159984007,,
STZ,77,-0.03339998374190309,Consumer Defensive,0.003134796238244514,0.002952884084163963,0.020210296145836047,0.002811166571417715,0.0031347962382445144,50.0,50.0,100.0,50.0,50.0,3.6132063194453963,3.6132063194453963,,
GD,78,-0.033401215712429204,Industrials,0.003134796238244514,0.004476290911224266,0.01333216786148455,0.0018544480667818815,0.0031347962382445144,50.0,50.0,100.0,50.0,50.0,38.52416327256476,38.52416327256476,,
XLV,79,-0.03358151666027186,Healthcare,0.003134796238244514,0.005491982344879176,0.01086650649576924,0.0015114850167741699,0.0031347962382445144,50.0,50.0,100.0,50.0,50.0,26.806862448450175,26.806862448450175,,
GEHC,80,-0.03380057239322677,Healthcare,0.003134796238244514,0.002594861140180846,0.02299878822075246,0.0031990340053782663,0.0031347962382445144,50.0,50.0,100.0,50.0,50.0,33.88671138775452,33.88671138775452,,
DHI,81,-0.03403861242820108,Consumer Cyclical,0.003134796238244514,0.002499012449225038,0.023880898169909612,0.0033217317621796415,0.0031347962382445144,50.0,50.0,100.0,50.0,50.0,14.166090115692853,14.166090115692853,,
COP,82,-0.03406853706514581,Energy,0.003134796238244514,0.0028124849699467562,0.02121919315586932,0.0029514998712438616,0.0031347962382445144,50.0,50.0,100.0,50.0,50.0,21.555616216628067,21.555616216628067,,
ZTS,83,-0.03424715628205452,Healthcare,0.003134796238244514,0.0032610865503765883,0.01830023855649826,0.0025454856528461496,0.0031347962382445144,50.0,50.0,100.0,50.0,50.0,18.544850510525677,18.544850510525677,,
URNM,84,-0.03437943120291486,Energy,0.003134796238244514,0.00207650115445743,0.028740008979611195,0.003997613489813895,0.0031347962382445144,50.0,50.0,100.0,50.0,50.0,21.875647035021984,21.875647035021984,,
PPG,85,-0.0345815523660072,Basic Materials,0.003134796238244514,0.003212986046638038,0.018574205103606134,0.0025835932388685876,0.0031347962382445144,50.0,50.0,100.0,50.0,50.0,23.151411309089525,23.151411309089525,,
IQV,86,-0.034795152395598855,Healthcare,0.003134796238244514,0.002488818617343327,0.02397871078647874,0.003335337082753763,0.003134796238244514,50.0,50.0,100.0,50.0,50.0,33.68420236419817,33.68420236419817,,
LIN,87,-0.03561133213895699,Basic Materials,0.003134796238244514,0.0049483870937997694,0.012060225017573045,0.0016775262058771022,0.0031347962382445144,50.0,50.0,100.0,50.0,50.0,24.82829979306007,24.82829979306007,,
ELV,88,-0.035699957796905074,Healthcare,0.003134796238244514,0.0026182898470094905,0.02279299287412439,0.003170408744530055,0.003134796238244515,50.0,50.0,100.0,50.0,50.0,22.445685473576717,22.445685473576717,,
GM,89,-0.03596192251793391,Consumer Cyclical,0.003134796238244514,0.0025760878979443997,0.02316639190491147,0.003222346967778935,0.0031347962382445144,50.0,50.0,100.0,50.0,50.0,55.4786789734398,55.4786789734398,,
EOG,90,-0.03600728762719361,Energy,0.003134796238244514,0.0033091722141299126,0.018034317334847737,0.0025084971375101913,0.0031347962382445144,50.0,50.0,100.0,50.0,50.0,26.006571978903366,26.006571978903366,,
MMC,91,-0.03607073443514338,Financial Services,0.003134796238244514,0.0046665178581633375,0.012788692476742832,0.0017788529432394156,0.0031347962382445144,50.0,50.0,100.0,50.0,50.0,32.87211362339728,32.87211362339728,,
QCOM,92,-0.03646902386740547,Technology,0.003134796238244514,0.002480762455509173,0.024056580545528523,0.0033461684363363872,0.003134796238244514,50.0,50.0,100.0,50.0,50.0,40.20977685918857,40.20977685918857,,
PEP,93,-0.036825961020692695,Consumer Defensive,0.003134796238244514,0.004182719617092914,0.014267908750421476,0.001984605660095038,0.0031347962382445144,50.0,50.0,100.0,50.0,50.0,30.199173078591585,30.199173078591585,,
AU,94,-0.037173624783535995,Basic Materials,0.003134796238244514,0.0018406025353337172,0.032423437803457814,0.004509962834082532,0.0031347962382445144,50.0,50.0,100.0,50.0,50.0,32.43968829371643,32.43968829371643,,
HUM,95,-0.03756562083919641,Healthcare,0.003134796238244514,0.002159602913677375,0.027634090252109653,0.0038437848801278515,0.003134796238244515,50.0,50.0,100.0,50.0,50.0,31.775693988661047,31.775693988661047,,
ZBH,96,-0.03763810719549818,Healthcare,0.003134796238244514,0.0030724950043268602,0.019423517936151793,0.0027017290556968013,0.0031347962382445144,50.0,50.0,100.0,50.0,50.0,30.93673616434863,30.93673616434863,,
ED,97,-0.03794821039779216,Utilities,0.003134796238244514,0.004785371673004921,0.012471060954771147,0.001734671744203433,0.0031347962382445144,50.0,50.0,100.0,50.0,50.0,15.394066285056653,15.394066285056653,,
COST,98,-0.03796187746643335,Consumer Defensive,0.003134796238244514,0.0043707605003094315,0.013654068169842421,0.001899223035919142,0.0031347962382445144,50.0,50.0,100.0,50.0,50.0,19.05929829350258,19.05929829350258,,
VRTX,99,-0.03812088928781813,Healthcare,0.003134796238244514,0.0028415872906567925,0.021001875262288944,0.0029212718729307373,0.0031347962382445144,50.0,50.0,100.0,50.0,50.0,17.17249222495232,17.17249222495232,,
CSX,100,-0.03824749449221069,Industrials,0.003134796238244514,0.004039798265158013,0.01477268366096129,0.002054817711633543,0.0031347962382445144,50.0,50.0,100.0,50.0,50.0,29.032239339397407,29.032239339397407,,
MRK,101,-0.03910697509782927,Healthcare,0.003134796238244514,0.0031306567896138954,0.019062665068641946,0.0026515359506070024,0.0031347962382445144,50.0,50.0,100.0,50.0,50.0,34.74180970272822,34.74180970272822,,
CMCSA,102,-0.039195090085898644,Communication Services,0.003134796238244514,0.0034919604678889777,0.017090302818163792,0.0023771887176292825,0.0031347962382445144,50.0,50.0,100.0,50.0,50.0,37.269908850023924,37.269908850023924,,
O,103,-0.039255174467929366,Real Estate,0.003134796238244514,0.005396998872906351,0.011057749543894541,0.0015380861145525735,0.0031347962382445144,50.0,50.0,100.0,50.0,50.0,24.137985045988728,24.137985045988728,,
UNP,104,-0.039410234572592275,Industrials,0.003134796238244514,0.004255579288628653,0.014023628224892223,0.0019506272739070816,0.0031347962382445144,50.0,50.0,100.0,50.0,50.0,40.27075495439486,40.27075495439486,,
CDW,105,-0.03960602261403237,Technology,0.003134796238244514,0.002956374122021946,0.02018643763004652,0.002807847952949822,0.0031347962382445144,50.0,50.0,100.0,50.0,50.0,30.885446050890337,30.885446050890337,,
ROK,106,-0.03969963571265726,Industrials,0.003134796238244514,0.0028930404389219747,0.0206283538323154,0.0028693166244735738,0.0031347962382445144,50.0,50.0,100.0,50.0,50.0,36.49875173121658,36.49875173121658,,
BLK,107,-0.04003730725813931,Financial Services,0.003134796238244514,0.0034352546546222483,0.01737241276857887,0.0024164290165516003,0.0031347962382445144,50.0,50.0,100.0,50.0,50.0,43.680380408117806,43.680380408117806,,
PFE,108,-0.04007358304243485,Healthcare,0.003134796238244514,0.0036452337216549974,0.016371696956151396,0.00227723368665215,0.0031347962382445144,50.0,50.0,100.0,50.0,50.0,53.33333333333332,53.33333333333332,,
SILJ,109,-0.04106527957085964,Precious Metals,0.003134796238244514,0.002088537779490371,0.0285743750538436,0.003974574512460439,0.003134796238244515,50.0,50.0,100.0,50.0,50.0,19.52767565578023,19.52767565578023,,
CI,110,-0.04116006866726688,Healthcare,0.003134796238244514,0.002850698979868863,0.020934746967926045,0.0029119346115790206,0.003134796238244515,50.0,50.0,100.0,50.0,50.0,26.677282651249726,26.677282651249726,,
NOC,111,-0.04162364924651422,Industrials,0.003134796238244514,0.003478714906197585,0.01715537588865292,0.002386240106047271,0.0031347962382445144,50.0,50.0,100.0,50.0,50.0,36.406607712289535,36.406607712289535,,
A,112,-0.04227739132310527,Healthcare,0.003134796238244514,0.003010394548756571,0.019824199405997972,0.002757462150634659,0.0031347962382445144,50.0,50.0,100.0,50.0,50.0,19.606633604706886,19.606633604706886,,
AIG,113,-0.04228135839641046,Financial Services,0.003134796238244514,0.0038826522031918786,0.015370591724960192,0.0021379841902524673,0.0031347962382445144,50.0,50.0,100.0,50.0,50.0,44.56360480928852,44.56360480928852,,
MDT,114,-0.042464998907127495,Healthcare,0.003134796238244514,0.004321644147569308,0.013809249393855246,0.001920808086742181,0.003134796238244514,50.0,50.0,100.0,50.0,50.0,23.55097751449108,23.55097751449108,,
VZ,115,-0.04327818949408344,Communication Services,0.003134796238244514,0.004502641144873315,0.013254145712506842,0.0018435955164058946,0.0031347962382445144,50.0,50.0,100.0,50.0,50.0,12.499598356196572,12.499598356196572,,
KMB,116,-0.04333824205854426,Consumer Defensive,0.003134796238244514,0.0038844747003076666,0.015363380232738484,0.002136981102236467,0.0031347962382445144,50.0,50.0,100.0,50.0,50.0,38.17252850561388,38.17252850561388,,
DHR,117,-0.043474446974692986,Healthcare,0.003134796238244514,0.0028956524033245563,0.020609746444967388,0.0028667284157250874,0.0031347962382445144,50.0,50.0,100.0,50.0,50.0,34.487164179104624,34.487164179104624,,
ITW,118,-0.04349370445967308,Industrials,0.003134796238244514,0.004205377877247595,0.014191034329675752,0.0019739127538536813,0.003134796238244515,50.0,50.0,100.0,50.0,50.0,9.983467136515898,9.983467136515898,,
YUM,119,-0.04359691228751212,Consumer Cyclical,0.003134796238244514,0.003837769553443196,0.015550350534136849,0.0021629878790469727,0.0031347962382445144,50.0,50.0,100.0,50.0,50.0,34.27602685735202,34.27602685735202,,
AMGN,120,-0.04367126697593061,Healthcare,0.003134796238244514,0.0034523985925577873,0.01728614475568572,0.002404429501439209,0.0031347962382445144,50.0,50.0,100.0,50.0,50.0,20.48297618304602,20.48297618304602,,
AMAT,121,-0.04376612248384352,Technology,0.003134796238244514,0.0020866500463969802,0.028600225480226893,0.003978170197253043,0.0031347962382445144,50.0,50.0,100.0,50.0,50.0,36.533409953250406,36.533409953250406,,
ABT,122,-0.04484209996511537,Healthcare,0.003134796238244514,0.004284246170655418,0.013929792884928857,0.0019375751756587848,0.0031347962382445144,50.0,50.0,100.0,50.0,50.0,40.72434019005051,40.72434019005051,,
WM,123,-0.044852114417595144,Industrials,0.003134796238244514,0.0050545156621540676,0.011806999090363186,0.0016423035522132531,0.0031347962382445144,50.0,50.0,100.0,50.0,50.0,10.3341421110228,10.3341421110228,,
GDXJ,124,-0.04491027674821723,Precious Metals,0.003134796238244514,0.0022708814279310953,0.02627995503915423,0.0036554304089033316,0.003134796238244514,50.0,50.0,100.0,50.0,50.0,22.72440525161373,22.72440525161373,,
BDX,125,-0.04492769709691903,Healthcare,0.003134796238244514,0.0031118162860751136,0.019178080046798433,0.0026675896851041723,0.0031347962382445144,50.0,50.0,100.0,50.0,50.0,57.12540210069852,57.12540210069852,,
DIA,126,-0.04564665525297717,Broad Market ETF,0.003134796238244514,0.005685043952393054,0.010497484685260614,0.001460155646321594,0.0031347962382445144,50.0,50.0,100.0,50.0,50.0,26.5579899098919,26.5579899098919,,
FNV,127,-0.04578522285768149,Basic Materials,0.003134796238244514,0.003115337540309569,0.01915640313548474,0.0026645745185763328,0.0031347962382445144,50.0,50.0,100.0,50.0,50.0,35.55926736551088,35.55926736551088,,
TMO,128,-0.04626922064306386,Healthcare,0.003134796238244514,0.0029472668196285166,0.020248815420383842,0.002816524439317455,0.0031347962382445144,50.0,50.0,100.0,50.0,50.0,33.61218978753794,33.61218978753794,,
UEC,129,-0.0468392391951353,Energy,0.003134796238244514,0.0012931112472120818,0.046151220132022955,0.006419439197184324,0.003134796238244514,50.0,50.0,100.0,50.0,50.0,31.372545964134986,31.372545964134986,,
SYY,130,-0.04715786249215312,Consumer Defensive,0.003134796238244514,0.004565427639732894,0.013071866763563714,0.0018182412868466382,0.0031347962382445144,50.0,50.0,100.0,50.0,50.0,17.42739713849265,17.42739713849265,,
IDXX,131,-0.047768444290728226,Healthcare,0.003134796238244514,0.0021443059011293434,0.027831225849748648,0.003871205606579372,0.0031347962382445144,50.0,50.0,100.0,50.0,50.0,15.067224141555812,15.067224141555812,,
CCJ,132,-0.04782866992567507,Energy,0.003134796238244514,0.0017725848693510371,0.033667590679101626,0.004683019228135606,0.0031347962382445144,50.0,50.0,100.0,50.0,50.0,24.898619137160665,24.898619137160665,,
KHC,133,-0.04812684122480737,Consumer Defensive,0.003134796238244514,0.0037690516948421164,0.01583386662139678,0.0022024237656472034,0.0031347962382445144,50.0,50.0,100.0,50.0,50.0,33.732081249401475,33.732081249401475,,
GIS,134,-0.04814330765493154,Consumer Defensive,0.003134796238244514,0.004124720546827317,0.014468534570465296,0.0020125118616964753,0.003134796238244515,50.0,50.0,100.0,50.0,50.0,32.152989630838405,32.152989630838405,,
ES,135,-0.048155334920856135,Utilities,0.003134796238244514,0.00351367976636439,0.016984661606492715,0.0023624944726429228,0.0031347962382445144,50.0,50.0,100.0,50.0,50.0,32.75205629296663,32.75205629296663,,
NET,136,-0.04821446318386008,Technology,0.003134796238244514,0.001839002047794503,0.03245165599290745,0.0045138878646864555,0.0031347962382445144,50.0,50.0,100.0,50.0,50.0,42.04470242482777,42.04470242482777,,
XOM,137,-0.04836359471557276,Energy,0.003134796238244514,0.004051741942709178,0.014729136916695066,0.00204876054399523,0.0031347962382445144,50.0,50.0,100.0,50.0,50.0,10.76929762804967,10.76929762804967,,
SNPS,138,-0.04854192812942544,Technology,0.003134796238244514,0.0016974891311041216,0.0351570214687984,0.004890192740894771,0.0031347962382445144,50.0,50.0,100.0,50.0,50.0,36.20798558377803,36.20798558377803,,
CVX,139,-0.04874421000408503,Energy,0.003134796238244514,0.003914084259860759,0.015247158176253106,0.002120815106562998,0.003134796238244515,50.0,50.0,100.0,50.0,50.0,14.459678830413907,14.459678830413907,,
SLV,140,-0.05011823333928211,Precious Metals,0.003134796238244514,0.003001085672884778,0.0198856908233192,0.0027660153462709404,0.0031347962382445144,50.0,50.0,100.0,50.0,50.0,18.362282760970857,18.362282760970857,,
KDP,141,-0.0501947669938273,Consumer Defensive,0.003134796238244514,0.0035760338149422814,0.016688506013538013,0.002321300484348784,0.0031347962382445144,50.0,50.0,100.0,50.0,50.0,23.885423075743404,23.885423075743404,,
WFC,142,-0.05022489941681878,Financial Services,0.003134796238244514,0.0032687576144835957,0.01825729187164209,0.0025395119509295768,0.0031347962382445144,50.0,50.0,100.0,50.0,50.0,40.212561907464526,40.212561907464526,,
XLE,143,-0.05094373987778505,Energy,0.003134796238244514,0.0038661639417481635,0.015436143610168441,0.0021471021797693506,0.0031347962382445144,50.0,50.0,100.0,50.0,50.0,21.86448975946753,21.86448975946753,,
NKE,144,-0.05124410232719221,Consumer Cyclical,0.003134796238244514,0.0022683118803604493,0.02630972501708902,0.003659571286711269,0.0031347962382445144,50.0,50.0,100.0,50.0,50.0,34.37828928580171,34.37828928580171,,
MDLZ,145,-0.05126523237709855,Consumer Defensive,0.003134796238244514,0.004280121446297657,0.013943216932991963,0.0019394424038723544,0.0031347962382445144,50.0,50.0,100.0,50.0,50.0,37.69637204608001,37.69637204608001,,
KO,146,-0.05135975196342147,Consumer Defensive,0.003134796238244514,0.005424872695085676,0.011000933142512579,0.0015301831938273802,0.003134796238244515,50.0,50.0,100.0,50.0,50.0,45.5537876481065,45.5537876481065,,
ADBE,147,-0.05154762274847927,Technology,0.003134796238244514,0.0031062542194493824,0.019212420365213458,0.002672366277910312,0.0031347962382445144,50.0,50.0,100.0,50.0,50.0,11.974095176456032,11.974095176456032,,
SMR,148,-0.05189024715426224,Industrials,0.003134796238244514,0.0008350856431746166,0.0714641214503561,0.009940356530518625,0.0031347962382445144,50.0,50.0,100.0,50.0,50.0,28.179740475715576,28.179740475715576,,
PLTR,149,-0.05244222984503914,Technology,0.003134796238244514,0.001411320666922967,0.042285685474580344,0.005881759702967801,0.0031347962382445144,50.0,50.0,100.0,50.0,50.0,58.61943573667712,58.61943573667712,,
RING,150,-0.052521242220611726,Precious Metals,0.003134796238244514,0.002441712374816956,0.024441315218281343,0.003399683399358386,0.0031347962382445144,50.0,50.0,100.0,50.0,50.0,24.880309683046463,24.880309683046463,,
NXE,151,-0.05287478866313542,Energy,0.003134796238244514,0.0016381637905322243,0.0364302166670956,0.005067288798988905,0.0031347962382445144,50.0,50.0,100.0,50.0,50.0,9.375003725289417,9.375003725289417,,
FTNT,152,-0.05302323279967558,Technology,0.003134796238244514,0.002295177496851626,0.026001763221860978,0.003616735105698789,0.0031347962382445144,50.0,50.0,100.0,50.0,50.0,43.989924791236085,43.989924791236085,,
GE,153,-0.05324034012589956,Industrials,0.003134796238244514,0.003124057618902355,0.019102932501689193,0.002657136979947809,0.0031347962382445144,50.0,50.0,100.0,50.0,50.0,45.0445023457258,45.0445023457258,,
BEP,154,-0.053314989563328745,Utilities,0.003134796238244514,0.002930069287600276,0.020367662320421205,0.0028330555396086548,0.0031347962382445144,50.0,50.0,100.0,50.0,50.0,33.83684362420297,33.83684362420297,,
GDX,155,-0.053488289328346865,Precious Metals,0.003134796238244514,0.0025201745871905545,0.023680368069978933,0.003293838874840416,0.0031347962382445144,50.0,50.0,100.0,50.0,50.0,23.535991223422442,23.535991223422442,,
GOOG,156,-0.05367759552025713,Communication Services,0.003134796238244514,0.002972875097410245,0.020074392589607044,0.002792262962512089,0.0031347962382445144,50.0,50.0,100.0,50.0,50.0,64.7269901631374,64.7269901631374,,
GOOGL,157,-0.05373039603230717,Communication Services,0.003134796238244514,0.0029333370720972455,0.020344972418260526,0.0028298994703456135,0.0031347962382445144,50.0,50.0,100.0,50.0,50.0,64.89026906543728,64.89026906543728,,
MU,158,-0.05508935374526994,Technology,0.003134796238244514,0.0015163912888394753,0.03935571396677755,0.00547421307928121,0.0031347962382445144,50.0,50.0,100.0,50.0,50.0,33.64100256654453,33.64100256654453,,
SIL,159,-0.05578065771786649,Precious Metals,0.003134796238244514,0.002347971199420071,0.02541711833604248,0.003535413478974289,0.0031347962382445144,50.0,50.0,100.0,50.0,50.0,16.997158569128885,16.997158569128885,,
OR,160,-0.05583776103975865,Basic Materials,0.003134796238244514,0.002674720966219997,0.02231210753532148,0.0031035196312101518,0.0031347962382445144,50.0,50.0,100.0,50.0,50.0,26.36368450732421,26.36368450732421,,
TEAM,161,-0.05678954921841999,Technology,0.003134796238244514,0.001908657600168902,0.031267348224217076,0.004349155671472225,0.0031347962382445144,50.0,50.0,100.0,50.0,50.0,33.26907202142739,33.26907202142739,,
PSLV,162,-0.057048137833799036,Other,0.003134796238244514,0.0030119070938827656,0.01981424392089913,0.002756077384834585,0.0031347962382445144,50.0,50.0,100.0,50.0,50.0,17.218597001803715,17.218597001803715,,
ZS,163,-0.05847845360032765,Technology,0.003134796238244514,0.0023565968393826553,0.0253240863383799,0.003522473122236609,0.0031347962382445144,50.0,50.0,100.0,50.0,50.0,30.678769781044636,30.678769781044636,,
RIVN,164,-0.05860012963993015,Consumer Cyclical,0.003134796238244514,0.001467490073403937,0.04066716559577884,0.005656630444809984,0.0031347962382445144,50.0,50.0,100.0,50.0,50.0,42.97253679696367,42.97253679696367,,
SMH,165,-0.05882608366287965,ETF - Other,0.003134796238244514,0.0024997704465681407,0.02387365684205547,0.0033207245241535705,0.0031347962382445144,50.0,50.0,100.0,50.0,50.0,49.72429944984853,49.72429944984853,,
CTAS,166,-0.058900961826291835,Industrials,0.003134796238244514,0.004356939001278887,0.013697382912122968,0.001905247933064142,0.0031347962382445144,50.0,50.0,100.0,50.0,50.0,22.086168638924363,22.086168638924363,,
URA,167,-0.059198818003581934,Energy,0.003134796238244514,0.0020799944673384452,0.02869174065719712,0.003990899570658542,0.003134796238244514,50.0,50.0,100.0,50.0,50.0,21.370418101800738,21.370418101800738,,
AMZN,168,-0.05985775689649499,Consumer Cyclical,0.003134796238244514,0.0027589099004208997,0.0216312471154549,0.0030088148313240446,0.0031347962382445144,50.0,50.0,100.0,50.0,50.0,44.459869140689065,44.459869140689065,,
SPY,169,-0.060077841014995456,Broad Market ETF,0.003134796238244514,0.004866502473646266,0.012263152469038986,0.0017057525546583189,0.0031347962382445144,50.0,50.0,100.0,50.0,50.0,38.596148797609374,38.596148797609374,,
WPM,170,-0.060135655552068124,Basic Materials,0.003134796238244514,0.002643022269042329,0.022579704501280454,0.0031407412354799965,0.0031347962382445144,50.0,50.0,100.0,50.0,50.0,23.797284499693646,23.797284499693646,,
SHOP,171,-0.06032203791814172,Technology,0.003134796238244514,0.0016013229974613443,0.03726834743514647,0.0051838692380195665,0.0031347962382445144,50.0,50.0,100.0,50.0,50.0,36.72020514062655,36.72020514062655,,
ARKK,172,-0.06033862188058309,Technology,0.003134796238244514,0.002132193656324465,0.027989325288658485,0.0038931965687313444,0.0031347962382445144,50.0,50.0,100.0,50.0,50.0,38.55198313413589,38.55198313413589,,
ABNB,173,-0.060765908957037956,Consumer Cyclical,0.003134796238244514,0.0025281089304416433,0.02360604842088592,0.003283501326512466,0.0031347962382445144,50.0,50.0,100.0,50.0,50.0,39.79057128542359,39.79057128542359,,
ILMN,174,-0.06108097495590805,Healthcare,0.003134796238244514,0.0019282043101166363,0.030950382961061635,0.004305067146214926,0.0031347962382445144,50.0,50.0,100.0,50.0,50.0,18.44485864232618,18.44485864232618,,
ETN,175,-0.061120443788093,Industrials,0.003134796238244514,0.002540537591296617,0.02349056437099255,0.0032674379844293234,0.0031347962382445144,50.0,50.0,100.0,50.0,50.0,19.643515411590116,19.643515411590116,,
EBAY,176,-0.06160236157793363,Consumer Cyclical,0.003134796238244514,0.0025144619379524028,0.023734167904676085,0.0033013222039196687,0.0031347962382445144,50.0,50.0,100.0,50.0,50.0,31.219526710223732,31.219526710223732,,
PM,177,-0.06248854584676137,Consumer Defensive,0.003134796238244514,0.0035919586483452257,0.016614518057654373,0.0023110090731410134,0.0031347962382445144,50.0,50.0,100.0,50.0,50.0,21.379557704551445,21.379557704551445,,
WELL,178,-0.06282416619025644,Real Estate,0.003134796238244514,0.004363220841154799,0.013677662442014875,0.0019025048992193886,0.003134796238244514,50.0,50.0,100.0,50.0,50.0,31.98082717841956,31.98082717841956,,
CMG,179,-0.0632557071152686,Consumer Cyclical,0.003134796238244514,0.0024507405275869952,0.024351277156231345,0.00338715948638038,0.0031347962382445144,50.0,50.0,100.0,50.0,50.0,28.516771318193094,28.516771318193094,,
NEE,180,-0.06400284552701442,Utilities,0.003134796238244514,0.003409340814033896,0.01750445762993943,0.002434795897348682,0.0031347962382445144,50.0,50.0,100.0,50.0,50.0,35.329431587807335,35.329431587807335,,
BKR,181,-0.0651011321914183,Energy,0.003134796238244514,0.0026568974564903564,0.022461785899751063,0.0031243392575784484,0.0031347962382445144,50.0,50.0,100.0,50.0,50.0,45.7538830958886,45.7538830958886,,
MELI,182,-0.06562222473795178,Consumer Cyclical,0.003134796238244514,0.002537394357200572,0.0235196636486262,0.003271485570666845,0.0031347962382445144,50.0,50.0,100.0,50.0,50.0,35.02518285774998,35.02518285774998,,
LULU,183,-0.06565136626300937,Consumer Cyclical,0.003134796238244514,0.001917690465693098,0.03112007015361068,0.004328669915805705,0.0031347962382445144,50.0,50.0,100.0,50.0,50.0,33.14917346253121,33.14917346253121,,
PGR,184,-0.0657565852367056,Financial Services,0.003134796238244514,0.0038902431143201855,0.015340599564484626,0.0021338124077944017,0.0031347962382445144,50.0,50.0,100.0,50.0,50.0,37.634766507280084,37.634766507280084,,
DLR,185,-0.06584293415854771,Real Estate,0.003134796238244514,0.0034823254382185535,0.01713758891409335,0.002383766013241915,0.0031347962382445144,50.0,50.0,100.0,50.0,50.0,25.588585154083162,25.588585154083162,,
INTU,186,-0.06602135222889238,Technology,0.003134796238244514,0.003113543310413796,0.01916744232388665,0.002666110022914671,0.0031347962382445144,50.0,50.0,100.0,50.0,50.0,44.14051961813648,44.14051961813648,,
VEEV,187,-0.06724110380471966,Healthcare,0.003134796238244514,0.0027489738885273433,0.021709432044569214,0.003019690023727404,0.0031347962382445144,50.0,50.0,100.0,50.0,50.0,14.631145375289492,14.631145375289492,,
CAT,188,-0.06746488085572461,Industrials,0.003134796238244514,0.002972373082732258,0.02007778302527954,0.002792734557750293,0.0031347962382445144,50.0,50.0,100.0,50.0,50.0,15.743805354553174,15.743805354553174,,
QCLN,189,-0.06751279102445314,ETF - Other,0.003134796238244514,0.002623674606480745,0.02274621314619852,0.003163901882561468,0.0031347962382445144,50.0,50.0,100.0,50.0,50.0,37.631440484067696,37.631440484067696,,
PANW,190,-0.06764546842146815,Technology,0.003134796238244514,0.0027256754730100533,0.02189499902546154,0.0030455016046007943,0.0031347962382445144,50.0,50.0,100.0,50.0,50.0,37.1881190078894,37.1881190078894,,
MS,191,-0.067956786183589,Financial Services,0.003134796238244514,0.003105150450749939,0.019219249685910156,0.0026733162074862823,0.0031347962382445144,50.0,50.0,100.0,50.0,50.0,43.950394816832414,43.950394816832414,,
TXN,192,-0.06843204376354109,Technology,0.003134796238244514,0.0023730069208022925,0.025148962399613537,0.003498114124280193,0.0031347962382445144,50.0,50.0,100.0,50.0,50.0,38.791348264950585,38.791348264950585,,
CHTR,193,-0.06847550361300166,Communication Services,0.003134796238244514,0.0024408345180030075,0.024450105644239346,0.003400906110367831,0.003134796238244515,50.0,50.0,100.0,50.0,50.0,34.43990062615198,34.43990062615198,,
COF,194,-0.06852933266256617,Financial Services,0.003134796238244514,0.002604859304241327,0.022910512567073608,0.003186755235938108,0.0031347962382445144,50.0,50.0,100.0,50.0,50.0,37.88794056369875,37.88794056369875,,
IR,195,-0.06853607090979907,Industrials,0.003134796238244514,0.0029114327503795764,0.020498038918295117,0.0028511903720224697,0.0031347962382445144,50.0,50.0,100.0,50.0,50.0,10.40844109585747,10.40844109585747,,
APD,196,-0.06902868993955431,Basic Materials,0.003134796238244514,0.003420672389467276,0.017446471053187793,0.0024267302101871045,0.0031347962382445144,50.0,50.0,100.0,50.0,50.0,14.492599093844532,14.492599093844532,,
PCAR,197,-0.0690900296442146,Industrials,0.003134796238244514,0.003288925745623719,0.018145335723887546,0.002523939325087718,0.0031347962382445144,50.0,50.0,100.0,50.0,50.0,20.283661512509184,20.283661512509184,,
QQQ,198,-0.0691454941902725,Technology,0.003134796238244514,0.004016211841239185,0.014859440732804064,0.0020668852527738913,0.0031347962382445144,50.0,50.0,100.0,50.0,50.0,46.34355150510908,46.34355150510908,,
UNH,199,-0.06919256446003057,Healthcare,0.003134796238244514,0.002004182646598631,0.02977705745859156,0.004141862539704727,0.0031347962382445144,100.0,48.985,100.0,48.985,50.0,31.669860935892302,31.669860935892302,12.63,3.72
TMUS,200,-0.06928934302949488,Communication Services,0.003134796238244514,0.003478731586278216,0.017155293630782203,0.002386228664325946,0.0031347962382445144,50.0,50.0,100.0,50.0,50.0,36.56619109855925,36.56619109855925,,
FSLR,201,-0.07008826079067818,Technology,0.003134796238244514,0.0015220347592013782,0.03920978904357831,0.005453915540686313,0.0031347962382445144,50.0,50.0,100.0,50.0,50.0,30.218286444801578,30.218286444801578,,
SHW,202,-0.07025142785073187,Basic Materials,0.003134796238244514,0.003933856028764776,0.015170525151124697,0.0021101557774293187,0.0031347962382445144,50.0,50.0,100.0,50.0,50.0,11.514813587854789,11.514813587854789,,
AAPL,203,-0.07027106490520857,Technology,0.003134796238244514,0.0029199296914977336,0.02043839000611973,0.0028428934610460603,0.0031347962382445144,50.0,50.0,100.0,50.0,50.0,58.38205694828374,58.38205694828374,,
AZO,204,-0.07071225767482127,Consumer Cyclical,0.003134796238244514,0.004157422082120011,0.014354727676543095,0.001996681804903523,0.0031347962382445144,50.0,50.0,100.0,50.0,50.0,32.874332706727145,32.874332706727145,,
MMM,205,-0.07071655090317984,Industrials,0.003134796238244514,0.0032105509111034765,0.018588293248639937,0.0025855528401572837,0.0031347962382445144,50.0,50.0,100.0,50.0,50.0,41.91780734395803,41.91780734395803,,
CL,206,-0.07072457292170188,Consumer Defensive,0.003134796238244514,0.004479775286609184,0.013321798082968423,0.0018530056745226496,0.0031347962382445144,50.0,50.0,100.0,50.0,50.0,36.71192098395286,36.71192098395286,,
HL,207,-0.07072958601459974,Basic Materials,0.003134796238244514,0.0014527525379816433,0.041079716100990656,0.005714014472283124,0.0031347962382445144,50.0,50.0,100.0,50.0,50.0,20.11833064421478,20.11833064421478,,
BMY,208,-0.07075673575385463,Healthcare,0.003134796238244514,0.00328302086540791,0.0181779721396515,0.0025284789122538075,0.0031347962382445144,50.0,50.0,100.0,50.0,50.0,36.465806059480606,36.465806059480606,,
PRU,209,-0.07106400237143805,Financial Services,0.003134796238244514,0.003585354178295621,0.016645123147540516,0.0023152661114833675,0.0031347962382445144,50.0,50.0,100.0,50.0,50.0,36.80435984367654,36.80435984367654,,
AVB,210,-0.07120018020661797,Real Estate,0.003134796238244514,0.004295377429097487,0.013893694514714344,0.0019325540452954568,0.003134796238244515,50.0,50.0,100.0,50.0,50.0,37.33283851759329,37.33283851759329,,
IBM,211,-0.07138931997854149,Technology,0.003134796238244514,0.003156141122094537,0.018908743150773462,0.0026301260639334943,0.0031347962382445144,50.0,50.0,100.0,50.0,50.0,34.218160682714355,34.218160682714355,,
TRV,212,-0.07152955733102044,Financial Services,0.003134796238244514,0.004266718877938642,0.013987015205958868,0.0019455345580873119,0.0031347962382445144,50.0,50.0,100.0,50.0,50.0,32.39437039213857,32.39437039213857,,
EMR,213,-0.07161411599082207,Industrials,0.003134796238244514,0.003162675190109012,0.018869677800590873,0.002624692239226445,0.0031347962382445144,50.0,50.0,100.0,50.0,50.0,33.40505556142223,33.40505556142223,,
PNC,214,-0.07164720977494819,Financial Services,0.003134796238244514,0.003777450648348957,0.015798660890874595,0.002197526797683342,0.0031347962382445144,50.0,50.0,100.0,50.0,50.0,22.09790405821296,22.09790405821296,,
TSM,215,-0.07177829872779437,Technology,0.003134796238244514,0.002311659983461331,0.025816366702823033,0.003590947235347168,0.0031347962382445144,50.0,50.0,100.0,50.0,50.0,51.83530408540325,51.83530408540325,,
GFS,216,-0.0719677636074148,Technology,0.003134796238244514,0.0020531341241552827,0.029067103372914346,0.004043110934161905,0.003134796238244515,50.0,50.0,100.0,50.0,50.0,39.63964002665133,39.63964002665133,,
SBUX,217,-0.07233034113708454,Consumer Cyclical,0.003134796238244514,0.002784252327659882,0.021434358241315895,0.00298142842306611,0.003134796238244515,50.0,50.0,100.0,50.0,50.0,26.867990340979347,26.867990340979347,,
SIVR,218,-0.07233803827716245,Precious Metals,0.003134796238244514,0.0030124590977328256,0.019810613153285188,0.0027555723604415112,0.0031347962382445144,50.0,50.0,100.0,50.0,50.0,18.160389135129876,18.160389135129876,,
SCHW,219,-0.07257774669464598,Financial Services,0.003134796238244514,0.0038089618674257116,0.0156679599067799,0.002179346844520503,0.0031347962382445144,50.0,50.0,100.0,50.0,50.0,21.112817485147374,21.112817485147374,,
ECL,220,-0.0727611239564216,Basic Materials,0.003134796238244514,0.004585128663532846,0.013015700584353305,0.0018104288092707919,0.0031347962382445144,50.0,50.0,100.0,50.0,50.0,29.140316411006978,29.140316411006978,,
AEP,221,-0.07284026231845439,Utilities,0.003134796238244514,0.00490051034588499,0.012178050368854406,0.0016939152130642117,0.003134796238244514,50.0,50.0,100.0,50.0,50.0,29.582395278247446,29.582395278247446,,
ALL,222,-0.0728504858888052,Financial Services,0.003134796238244514,0.0036292689825069314,0.016443714178511034,0.0022872509771758955,0.0031347962382445144,50.0,50.0,100.0,50.0,50.0,38.047893238466834,38.047893238466834,,
ORCL,223,-0.07313501607747125,Technology,0.003134796238244514,0.0015410182497624274,0.03872677162290581,0.005386729863811079,0.0031347962382445144,50.0,50.0,100.0,50.0,50.0,19.664947409476866,19.664947409476866,,
XEL,224,-0.07328372906671023,Utilities,0.003134796238244514,0.004681013388356219,0.012749090180713253,0.0017733444316398626,0.0031347962382445144,50.0,50.0,100.0,50.0,50.0,37.97480923418413,37.97480923418413,,
LOW,225,-0.07337111712142823,Consumer Cyclical,0.003134796238244514,0.003945590594256446,0.015125406551848825,0.0021038799714184473,0.0031347962382445144,50.0,50.0,100.0,50.0,50.0,15.308732217306215,15.308732217306215,,
SO,226,-0.07367151193939184,Utilities,0.003134796238244514,0.005378531856243051,0.01109571597238165,0.0015433670839074473,0.0031347962382445144,50.0,50.0,100.0,50.0,50.0,39.337061050812075,39.337061050812075,,
MET,227,-0.07368718040167986,Financial Services,0.003134796238244514,0.003398802066592877,0.01755873412337433,0.0024423455276389536,0.0031347962382445144,50.0,50.0,100.0,50.0,50.0,47.33930380217266,47.33930380217266,,
MO,228,-0.07374833802136689,Consumer Defensive,0.003134796238244514,0.004799810872195,0.012433544448801983,0.0017294533571646745,0.0031347962382445144,50.0,50.0,100.0,50.0,50.0,24.24928756587211,24.24928756587211,,
DUK,229,-0.0737806978992259,Utilities,0.003134796238244514,0.005618265602495098,0.010622257124827984,0.001477510964057415,0.0031347962382445144,50.0,50.0,100.0,50.0,50.0,32.003485741985116,32.003485741985116,,
NFLX,230,-0.0740332893872456,Communication Services,0.003134796238244514,0.00279560249014887,0.021347334621275704,0.002969323806200753,0.0031347962382445144,50.0,50.0,100.0,50.0,50.0,45.55747659394782,45.55747659394782,,
DDOG,231,-0.07437416899747035,Technology,0.003134796238244514,0.0019320473524786213,0.03088881944260728,0.004296503921616487,0.003134796238244515,50.0,50.0,100.0,50.0,50.0,25.93325229259419,25.93325229259419,,
RTX,232,-0.07455066285565319,Industrials,0.003134796238244514,0.0034908302710432394,0.017095836002202564,0.002377958360087317,0.0031347962382445144,50.0,50.0,100.0,50.0,50.0,44.654098041144465,44.654098041144465,,
ADI,233,-0.07480794724431121,Technology,0.003134796238244514,0.002415279287436326,0.024708803712975517,0.0034368899157348437,0.0031347962382445144,50.0,50.0,100.0,50.0,50.0,39.661778607026804,39.661778607026804,,
MSFT,234,-0.07485997434368018,Technology,0.003134796238244514,0.0039032202306823844,0.01528959635845251,0.0021267180779143244,0.0031347962382445144,50.0,50.0,100.0,50.0,50.0,31.14429951191279,31.14429951191279,,
DD,235,-0.07487894255417564,Basic Materials,0.003134796238244514,0.002688477092651133,0.022197943210455196,0.003087639857287161,0.0031347962382445144,50.0,50.0,100.0,50.0,50.0,9.237517513772161,9.237517513772161,,
ICE,236,-0.07496151705911258,Financial Services,0.003134796238244514,0.005012962124613004,0.011904869883669164,0.001655916964925,0.003134796238244514,50.0,50.0,100.0,50.0,50.0,31.263667466547957,31.263667466547957,,
FAST,237,-0.07501437802294625,Industrials,0.003134796238244514,0.0038959108379455877,0.015318282247123914,0.0021307081634985518,0.0031347962382445144,50.0,50.0,100.0,50.0,50.0,12.633422108107439,12.633422108107439,,
EW,238,-0.07526351691339704,Healthcare,0.003134796238244514,0.0039967862340369855,0.01493166217323578,0.002076930949166277,0.0031347962382445144,50.0,50.0,100.0,50.0,50.0,65.7250144757203,65.7250144757203,,
NLR,239,-0.07542391407072596,Energy,0.003134796238244514,0.0023676911473738006,0.02520542507897367,0.0035059678437707204,0.003134796238244514,50.0,50.0,100.0,50.0,50.0,25.54365542599166,25.54365542599166,,
VMC,240,-0.0756995890372409,Basic Materials,0.003134796238244514,0.0040063782661224215,0.014895912932115523,0.0020719583811808487,0.0031347962382445144,50.0,50.0,100.0,50.0,50.0,21.024801430242846,21.024801430242846,,
XLI,241,-0.07581085299463099,ETF - Other,0.003134796238244514,0.0050374276884187445,0.01184705081970373,0.0016478745780823029,0.0031347962382445144,50.0,50.0,100.0,50.0,50.0,22.73030749498635,22.73030749498635,,
ABBV,242,-0.07592513311611912,Healthcare,0.003134796238244514,0.003673097666627855,0.016247502038264198,0.002259958699735326,0.0031347962382445144,50.0,50.0,100.0,50.0,50.0,49.26558404390509,49.26558404390509,,
ISRG,243,-0.07623003602048742,Healthcare,0.003134796238244514,0.0026311938648489173,0.02268121046592144,0.0031548602851237616,0.0031347962382445144,50.0,50.0,100.0,50.0,50.0,41.00665797633314,41.00665797633314,,
CDNS,244,-0.07630917239549513,Technology,0.003134796238244514,0.0024576919173447545,0.02428240146948739,0.0033775791701514193,0.0031347962382445144,50.0,50.0,100.0,50.0,50.0,42.2418790892625,42.2418790892625,,
RSG,245,-0.07635368442658858,Industrials,0.003134796238244514,0.005097758515677688,0.011706843633676117,0.0016283723525043477,0.0031347962382445144,50.0,50.0,100.0,50.0,50.0,14.915126945715016,14.915126945715016,,
SPG,246,-0.0764060247363737,Real Estate,0.003134796238244514,0.003718048298394279,0.016051072238909076,0.002232636146834923,0.0031347962382445144,50.0,50.0,100.0,50.0,50.0,32.09047913189244,32.09047913189244,,
SRE,247,-0.07643879691462417,Utilities,0.003134796238244514,0.00312385758470136,0.019104155745622704,0.002657307127996594,0.0031347962382445144,50.0,50.0,100.0,50.0,50.0,43.494102102136544,43.494102102136544,,
DE,248,-0.07655147596219795,Industrials,0.003134796238244514,0.003434087243481943,0.01737831848580796,0.0024172504767981428,0.0031347962382445144,50.0,50.0,100.0,50.0,50.0,29.719932309432124,29.719932309432124,,
TFC,249,-0.07713680872171322,Financial Services,0.003134796238244514,0.003328959458402009,0.01792712184423145,0.002493586698907375,0.0031347962382445144,50.0,50.0,100.0,50.0,50.0,23.89652836001325,23.89652836001325,,
BSX,250,-0.07735174754840281,Healthcare,0.003134796238244514,0.003972194103550292,0.01502410513422282,0.0020897893733978876,0.0031347962382445144,50.0,50.0,100.0,50.0,50.0,54.678364095101315,54.678364095101315,,
XLK,251,-0.07764560216999508,Technology,0.003134796238244514,0.0034350319211807036,0.017373539226024585,0.002416585702009976,0.0031347962382445144,50.0,50.0,100.0,50.0,50.0,43.826543885411816,43.826543885411816,,
VRSK,252,-0.07778825541341362,Industrials,0.003134796238244514,0.003782531674205046,0.015777438754117475,0.0021945748883696347,0.0031347962382445144,50.0,50.0,100.0,50.0,50.0,27.080345828721747,27.080345828721747,,
USB,253,-0.0778573489754445,Financial Services,0.003134796238244514,0.0035113858550097333,0.016995757313351175,0.0023640378384591223,0.0031347962382445144,50.0,50.0,100.0,50.0,50.0,29.43551593580561,29.43551593580561,,
PH,254,-0.07787374956250494,Industrials,0.003134796238244514,0.002991752860739733,0.019947724495707028,0.0027746439672896818,0.0031347962382445144,50.0,50.0,100.0,50.0,50.0,25.32126298288412,25.32126298288412,,
SPGI,255,-0.07806329062117437,Financial Services,0.003134796238244514,0.003998912898529293,0.014923721356178568,0.002075826415155499,0.0031347962382445144,50.0,50.0,100.0,50.0,50.0,37.22714716634697,37.22714716634697,,
EA,256,-0.07807110305701637,Communication Services,0.003134796238244514,0.002949656753610498,0.02023240899207356,0.0028142423746465857,0.0031347962382445144,50.0,50.0,100.0,50.0,50.0,8.234747383577243,8.234747383577243,,
SYK,257,-0.07807618704995137,Healthcare,0.003134796238244514,0.004379427015000851,0.013627047926786364,0.0018954646345833745,0.0031347962382445144,50.0,50.0,100.0,50.0,50.0,30.870721659173853,30.870721659173853,,
FDX,258,-0.07825009705043194,Industrials,0.003134796238244514,0.002919099828531217,0.020444200380535682,0.002843701659511223,0.0031347962382445144,50.0,50.0,100.0,50.0,50.0,51.405701335179465,51.405701335179465,,
D,259,-0.07840981369112204,Utilities,0.003134796238244514,0.004197597838099798,0.01421733670710469,0.0019775713031220093,0.0031347962382445144,50.0,50.0,100.0,50.0,50.0,32.73093513632807,32.73093513632807,,
NOW,260,-0.07867410585657858,Technology,0.003134796238244514,0.002357326429006306,0.025316248564877863,0.003521382921147804,0.0031347962382445144,50.0,50.0,100.0,50.0,50.0,38.08255755462609,38.08255755462609,,
TJX,261,-0.07869683183819647,Consumer Cyclical,0.003134796238244514,0.005268684395116639,0.011327051944996674,0.0015755449376256246,0.0031347962382445144,50.0,50.0,100.0,50.0,50.0,34.47387592504222,34.47387592504222,,
CB,262,-0.07889325067626879,Financial Services,0.003134796238244514,0.0046887897718801246,0.012727945744803446,0.0017704033301848313,0.0031347962382445144,50.0,50.0,100.0,50.0,50.0,47.82137805617296,47.82137805617296,,
EQR,263,-0.07924469257117886,Real Estate,0.003134796238244514,0.004141700968772832,0.014409215507164456,0.002004260831301085,0.003134796238244514,50.0,50.0,100.0,50.0,50.0,38.25193216453175,38.25193216453175,,
CDE,264,-0.07943442540767275,Basic Materials,0.003134796238244514,0.0013887219716156958,0.04297380112438702,0.0059774736746012365,0.0031347962382445144,50.0,50.0,100.0,50.0,50.0,21.590923047912725,21.590923047912725,,
AON,265,-0.07960524734256304,Financial Services,0.003134796238244514,0.004385081408863684,0.013609476372468125,0.0018930205058209433,0.0031347962382445144,50.0,50.0,100.0,50.0,50.0,34.65214606021782,34.65214606021782,,
T,266,-0.08034907681152684,Communication Services,0.003134796238244514,0.004287296680869985,0.013919881516846524,0.0019361965463488024,0.0031347962382445144,50.0,50.0,100.0,50.0,50.0,35.039341970338796,35.039341970338796,,
ASML,267,-0.08074227463338557,Technology,0.003134796238244514,0.0023745452106327266,0.02513267027220654,0.0034958479583807258,0.0031347962382445144,50.0,50.0,100.0,50.0,50.0,44.99472979178513,44.99472979178513,,
ORLY,268,-0.08075374743270264,Consumer Cyclical,0.003134796238244514,0.004553650896992201,0.013105673486015094,0.0018229436587148555,0.0031347962382445144,50.0,50.0,100.0,50.0,50.0,24.073273849378012,24.073273849378012,,
C,269,-0.0808458816139012,Financial Services,0.003134796238244514,0.003023929948273259,0.01973546439439101,0.002745119486452806,0.0031347962382445144,50.0,50.0,100.0,50.0,50.0,42.77279540113615,42.77279540113615,,
BA,270,-0.08122394244518355,Industrials,0.003134796238244514,0.0025193962406182334,0.023687683923285935,0.003294856479041247,0.0031347962382445144,50.0,50.0,100.0,50.0,50.0,83.69603029197773,83.69603029197773,,
ROST,271,-0.08139916685602079,Consumer Cyclical,0.003134796238244514,0.003664925481740847,0.016283731312575572,0.002264998038303942,0.0031347962382445144,50.0,50.0,100.0,50.0,50.0,38.738932778051534,38.738932778051534,,
CRWD,272,-0.08140070028821494,Technology,0.003134796238244514,0.0020851751717061726,0.02862045483519167,0.003980984014825432,0.0031347962382445144,50.0,50.0,100.0,50.0,50.0,48.24093601849773,48.24093601849773,,
WEC,273,-0.08152709892690051,Utilities,0.003134796238244514,0.005619078580811949,0.010620720277710738,0.0014772971951343768,0.0031347962382445144,50.0,50.0,100.0,50.0,50.0,31.11977187092957,31.11977187092957,,
KR,274,-0.08165842286235409,Consumer Defensive,0.003134796238244514,0.0037009583290979454,0.016125191509471913,0.0022429458233582454,0.0031347962382445144,50.0,50.0,100.0,50.0,50.0,63.18598074253698,63.18598074253698,,
AEE,275,-0.08173421445495423,Utilities,0.003134796238244514,0.005505393567819017,0.010840035519735145,0.0015078030161541456,0.0031347962382445144,50.0,50.0,100.0,50.0,50.0,45.129650399589245,45.129650399589245,,
WMT,276,-0.08174675278129845,Consumer Defensive,0.003134796238244514,0.003780308442231513,0.015786717601818566,0.0021958655367743073,0.0031347962382445144,50.0,50.0,100.0,50.0,50.0,38.49266057336779,38.49266057336779,,
MCD,277,-0.08195437686203484,Consumer Cyclical,0.003134796238244514,0.005123177690383593,0.011648758921108428,0.0016202930150665171,0.0031347962382445144,50.0,50.0,100.0,50.0,50.0,28.17946969179411,28.17946969179411,,
IWM,278,-0.08232517956025687,Broad Market ETF,0.003134796238244514,0.004152902232788063,0.01437035077640489,0.001998854911905839,0.0031347962382445144,50.0,50.0,100.0,50.0,50.0,25.87039065934451,25.87039065934451,,
PAYX,279,-0.0823844780005458,Technology,0.003134796238244514,0.0039317368036778325,0.015178702137298414,0.002111293161563654,0.0031347962382445144,50.0,50.0,100.0,50.0,50.0,47.29057504808649,47.29057504808649,,
DTE,280,-0.08250911257343037,Utilities,0.003134796238244514,0.00550595598683392,0.01083892823843593,0.0015076489980165068,0.0031347962382445144,50.0,50.0,100.0,50.0,50.0,49.32129129371287,49.32129129371287,,
HUBS,281,-0.08261925974857151,Technology,0.003134796238244514,0.002028606234418043,0.029418553888256125,0.00409199621189891,0.0031347962382445144,50.0,50.0,100.0,50.0,50.0,38.7445678556372,38.7445678556372,,
CPRT,282,-0.08270081036942593,Industrials,0.003134796238244514,0.003960515083310584,0.01506840917656456,0.0020959518779901536,0.0031347962382445144,50.0,50.0,100.0,50.0,50.0,26.052630786420067,26.052630786420067,,
AXP,283,-0.08343583241209812,Financial Services,0.003134796238244514,0.003019446026402475,0.019764771850015087,0.0027491960293668334,0.0031347962382445144,50.0,50.0,100.0,50.0,50.0,50.61499857555706,50.61499857555706,,
SGOL,284,-0.08380079765401251,Precious Metals,0.003134796238244514,0.004831054411039692,0.01235313386015789,0.0017182685849499008,0.003134796238244515,50.0,50.0,100.0,50.0,50.0,41.36687068916431,41.36687068916431,,
MAR,285,-0.08391489593285617,Consumer Cyclical,0.003134796238244514,0.0032584135658512274,0.018315250848057744,0.0025475737990013504,0.0031347962382445144,50.0,50.0,100.0,50.0,50.0,41.93706761217461,41.93706761217461,,
GILD,286,-0.08405993389349076,Healthcare,0.003134796238244514,0.003411162907786819,0.01749510751569452,0.0024334953360696907,0.0031347962382445144,50.0,50.0,100.0,50.0,50.0,59.71448506994258,59.71448506994258,,
TTWO,287,-0.08413916550372941,Communication Services,0.003134796238244514,0.003104060656928817,0.019225997305196384,0.0026742547727421906,0.0031347962382445144,50.0,50.0,100.0,50.0,50.0,44.10939672685109,44.10939672685109,,
ACN,288,-0.08416391126012582,Technology,0.003134796238244514,0.003374949616311214,0.01768283044489053,0.002459606800218283,0.0031347962382445144,50.0,50.0,100.0,50.0,50.0,45.0627000252893,45.0627000252893,,
ENPH,289,-0.08443646478144363,Technology,0.003134796238244514,0.0013485887717019753,0.04425267589167496,0.006155359736680053,0.0031347962382445144,50.0,50.0,100.0,50.0,50.0,38.257572035703284,38.257572035703284,,
GLD,290,-0.0850808269393589,Precious Metals,0.003134796238244514,0.004787561304793381,0.01246535720921805,0.0017338783773613526,0.0031347962382445144,50.0,50.0,100.0,50.0,50.0,41.24400962414646,41.24400962414646,,
CME,291,-0.08531368561163313,Financial Services,0.003134796238244514,0.005100875554445067,0.01169968982546019,0.001627377288089169,0.003134796238244515,50.0,50.0,100.0,50.0,50.0,51.482194046398895,51.482194046398895,,
BKNG,292,-0.08575048184300384,Consumer Cyclical,0.003134796238244514,0.0033406434860862463,0.0178644210535607,0.002484865284561777,0.0031347962382445144,50.0,50.0,100.0,50.0,50.0,40.20636141413049,40.20636141413049,,
HON,293,-0.08575285252242566,Industrials,0.003134796238244514,0.0038374643753208678,0.015551587191031458,0.002163159892781821,0.0031347962382445144,50.0,50.0,100.0,50.0,50.0,52.12138002072178,52.12138002072178,,
PSA,294,-0.08576675019414803,Real Estate,0.003134796238244514,0.0043591086959487045,0.013690565202180914,0.0019042996184949527,0.003134796238244515,50.0,50.0,100.0,50.0,50.0,19.78496192383929,19.78496192383929,,
XLF,295,-0.08666858079583485,Financial Services,0.003134796238244514,0.004981593630738746,0.011979833412551856,0.001666344074203849,0.0031347962382445144,50.0,50.0,100.0,50.0,50.0,37.25676520467676,37.25676520467676,,
AG,296,-0.0868909507329266,Basic Materials,0.003134796238244514,0.001416306071056099,0.042136839659791106,0.005861055880727316,0.0031347962382445144,50.0,50.0,100.0,50.0,50.0,24.056603348349313,24.056603348349313,,
CSCO,297,-0.08698387694319185,Technology,0.003134796238244514,0.004003338210779999,0.014907224591861784,0.00207353178512884,0.0031347962382445144,50.0,50.0,100.0,50.0,50.0,52.17391920774392,52.17391920774392,,
MNST,298,-0.0870147090239808,Consumer Defensive,0.003134796238244514,0.004067729997845846,0.014671244614781136,0.002040707970064175,0.0031347962382445144,50.0,50.0,100.0,50.0,50.0,44.19794266490123,44.19794266490123,,
LMT,299,-0.08735739384131275,Industrials,0.003134796238244514,0.0036047070213014727,0.016555759309319035,0.002302835980183507,0.0031347962382445144,50.0,50.0,100.0,50.0,50.0,27.113398722800127,27.113398722800127,,
PPL,300,-0.08797017644564618,Utilities,0.003134796238244514,0.005283039226417686,0.011296274600207039,0.0015712639393559659,0.0031347962382445144,50.0,50.0,100.0,50.0,50.0,40.765298433931775,40.765298433931775,,
CMS,301,-0.08801353581734012,Utilities,0.003134796238244514,0.0055161020069618245,0.010818991699203464,0.0015048759098719468,0.0031347962382445144,50.0,50.0,100.0,50.0,50.0,40.41351910999835,40.41351910999835,,
EXC,302,-0.0880556481981246,Utilities,0.003134796238244514,0.005051308812059014,0.011814494826134642,0.0016433461773028035,0.0031347962382445144,50.0,50.0,100.0,50.0,50.0,52.81897995861273,52.81897995861273,,
GS,303,-0.08814842226086174,Financial Services,0.003134796238244514,0.0030479814524834157,0.019579732605214815,0.0027234578543480535,0.0031347962382445144,50.0,50.0,100.0,50.0,50.0,39.95705236424849,39.95705236424849,,
RGLD,304,-0.08841483298248755,Basic Materials,0.003134796238244514,0.0029673695760948793,0.02011163769624474,0.0027974435990536445,0.0031347962382445144,50.0,50.0,100.0,50.0,50.0,22.670076691563537,22.670076691563537,,
TAP,305,-0.08850058491284638,Consumer Defensive,0.003134796238244514,0.0035934938730289166,0.016607419946698575,0.002310021755978753,0.0031347962382445144,50.0,50.0,100.0,50.0,50.0,16.925327190215654,16.925327190215654,,
SNOW,306,-0.09069957152779339,Technology,0.003134796238244514,0.0019263120555464432,0.030980786136621204,0.0043092960991298794,0.0031347962382445144,50.0,50.0,100.0,50.0,50.0,22.960788197136324,22.960788197136324,,
GLDM,307,-0.09177743351175628,Precious Metals,0.003134796238244514,0.004806461353451407,0.012416340720689601,0.0017270603914691545,0.003134796238244515,50.0,50.0,100.0,50.0,50.0,41.186750416920475,41.186750416920475,,
IAU,308,-0.09177743351175628,Precious Metals,0.003134796238244514,0.004814568314805414,0.012395433593030556,0.0017241522985864295,0.0031347962382445144,50.0,50.0,100.0,50.0,50.0,41.21999717952334,41.21999717952334,,
CRM,309,-0.09562058477701665,Technology,0.003134796238244514,0.002979523119745487,0.0200296018613802,0.002786032761975087,0.0031347962382445144,50.0,50.0,100.0,50.0,50.0,36.59758605637516,36.59758605637516,,
HMY,310,-0.0966873740182318,Basic Materials,0.003134796238244514,0.0015607739027538666,0.038236583607645605,0.0053185467876074675,0.0031347962382445144,50.0,50.0,100.0,50.0,50.0,23.64530877285972,23.64530877285972,,
WDAY,311,-0.09930647353250818,Technology,0.003134796238244514,0.002724732575141552,0.02190257582330963,0.0030465555050817788,0.0031347962382445144,50.0,50.0,100.0,50.0,50.0,33.87938995628653,33.87938995628653,,
MRVL,312,-0.10658863188340356,Technology,0.003134796238244514,0.0013926003028716164,0.04285412095790799,0.005960826670478199,0.0031347962382445144,50.0,50.0,100.0,50.0,50.0,54.018408216902586,54.018408216902586,,
NIO,313,-0.10820097191701829,Consumer Cyclical,0.003134796238244514,0.0014869352108693866,0.04013534778720212,0.0055826568407238535,0.0031347962382445144,50.0,50.0,100.0,50.0,50.0,28.947366439733912,28.947366439733912,,
KLAC,314,-0.12931292118746263,Technology,0.003134796238244514,0.0021951313280237452,0.027186829809862742,0.0037815728474644376,0.0031347962382445144,50.0,50.0,100.0,50.0,50.0,41.36314632843382,41.36314632843382,,
LLY,315,-0.13474213468194943,Healthcare,0.003134796238244514,0.0023532999564865546,0.025359564411150965,0.0035274079718534915,0.0031347962382445144,50.0,50.0,100.0,50.0,50.0,37.68632073670301,37.68632073670301,,
META,316,-0.14792013312726238,Communication Services,0.003134796238244514,0.002499316181043411,0.02387799602064153,0.0033213280855116287,0.0031347962382445144,50.0,50.0,100.0,50.0,50.0,40.40655056111467,40.40655056111467,,
TSLA,317,-0.1848060794626867,Consumer Cyclical,0.003134796238244514,0.001489394176454871,0.04006908498012905,0.00557343996498745,0.0031347962382445144,50.0,50.0,100.0,50.0,50.0,55.56182103592152,55.56182103592152,,
AVGO,318,-0.2019526794473911,Technology,0.003134796238244514,0.001788627942676409,0.03336560969520555,0.0046410149526412365,0.0031347962382445144,50.0,50.0,100.0,50.0,50.0,67.94395802540149,67.94395802540149,,
COIN,319,-0.2966303898661408,Financial Services,0.003134796238244514,0.0013136293720858129,0.04543036498226308,0.006319171299810797,0.0031347962382445144,50.0,50.0,100.0,50.0,50.0,27.046433797954265,27.046433797954265,,
