date,ticker,pe,pb,roe,net_margin,gross_margin,operating_margin,debt_to_equity,current_ratio,revenue_growth,market_cap
2026-01-09,A,31.825327,6.120512,0.20618999,0.18754,0.52432,0.26384002,52.559,1.957,0.094,41323020288.0
2026-01-09,AAPL,34.72386,51.90142,1.7142199,0.26915002,0.46905,0.31647,152.411,0.893,0.079,3844254728192.0
2026-01-09,ABBV,169.79546,-149.91974,1.37961,0.04004,0.71461,0.35497,,0.725,0.091,396123897856.0
2026-01-09,ABNB,33.01429,9.791681,0.30776,0.2203,0.83036005,0.39683,26.458,1.392,0.097,84892598272.0
2026-01-09,ABT,15.851759,4.3060436,0.3062,0.3188,0.56259996,0.19395,25.31,1.703,0.069,219611119616.0
2026-01-09,ACN,23.310175,5.6181974,0.25016,0.107609995,0.31968,0.16974,25.694,1.411,0.06,174767538176.0
2026-01-09,ADBE,20.289648,12.163743,0.55426,0.29997,0.89268,0.36503,57.197,0.996,0.105,143820767232.0
2026-01-09,ADI,65.74945,4.3318853,0.06573,0.20575,0.61467,0.30501,26.5,2.19,0.259,146484920320.0
2026-01-09,AEE,19.14231,2.1068451,0.11387,0.1634,0.47099,0.34,155.736,0.93,0.248,26925064192.0
2026-01-09,AEM,27.261696,3.9824443,0.15667,0.32625,0.70238,0.53104997,1.427,2.12,0.419,93616619520.0
2026-01-09,AEP,16.973646,2.0414164,0.12923001,0.17228001,0.48422,0.25885,152.132,0.686,0.109,62053339136.0
2026-01-09,AG,127.85714,3.3741753,0.0421,0.07075,0.48259997,0.26966,7.886,3.379,0.951,8777373696.0
2026-01-09,AGI,32.515625,4.334513,0.14274,0.33462003,0.64177,0.80684,6.831,1.717,0.281,17473499136.0
2026-01-09,AI,-14.516942,2.5118053,-0.46765998,-1.08055,0.51764,-1.49192,7.965,6.466,-0.203,1946617856.0
2026-01-09,AIG,14.010792,1.0323898,0.07688,0.120170005,0.34012002,0.15235,22.48,0.617,-0.041,43156901888.0
2026-01-09,ALGN,33.12233,3.105181,0.095769994,0.095010005,0.69254994,0.15673,3.064,1.289,0.018,12364725248.0
2026-01-09,ALL,6.8450065,2.168598,0.34469002,0.12533,0.28204,0.24439,29.43,0.426,0.038,55625977856.0
2026-01-09,AMAT,32.55954,10.940025,0.35508,0.24669,0.48675,0.28441,34.533,2.61,-0.035,224366379008.0
2026-01-09,AMD,107.72631,5.481521,0.05317,0.10323,0.51457,0.13736,6.366,2.308,0.356,333227556864.0
2026-01-09,AMGN,25.510818,18.480097,0.8171,0.19474001,0.70051,0.34153,567.491,1.28,0.124,177757831168.0
2026-01-09,AMT,27.165869,20.178888,0.28839,0.28106,0.74285007,0.45477,418.09,0.59,0.077,79757230080.0
2026-01-09,AMZN,34.835926,7.120883,0.24327,0.11063,0.50046,0.11057,43.405,1.009,0.134,2632893333504.0
2026-01-09,AON,28.180145,9.54081,0.3769,0.15962,0.46758,0.20365,214.88,1.058,0.074,75894095872.0
2026-01-09,APD,18.895931,3.8698688,-0.01923,-0.03277,0.31413,-0.89169,106.228,1.381,-0.006,58145419264.0
2026-01-09,ARKK,24.282076,,,,,,,,,
2026-01-09,ASML,42.18721,20.857384,0.53852004,0.29378,0.52711,0.32841998,14.24,1.308,0.007,463572500480.0
2026-01-09,AU,19.969297,5.978596,0.38715,0.26251,0.45924,0.42491,24.231,2.581,0.621,45975126016.0
2026-01-09,AVB,22.476192,2.1807067,0.09754,0.38122,0.63443,0.2928,73.165,0.707,0.044,26209867776.0
2026-01-09,AVGO,69.99579,5.614225,0.31048,0.36198002,0.77325994,0.31765,166.032,1.705,0.164,1576378695680.0
2026-01-09,AXP,25.703358,8.140024,0.33935001,0.16143999,0.64135003,0.22052999,185.273,1.602,0.122,266508992512.0
2026-01-09,AZO,23.094007,-17.02363,,0.12776,0.52146,0.16941999,,0.86,0.082,55120482304.0
2026-01-09,BA,100.27077,-20.921972,,-0.12197,0.01195,-0.204,,1.182,0.304,178054742016.0
2026-01-09,BAC,15.349727,1.4803299,0.09871,0.29224002,0.0,0.35292998,,,0.126,424726396928.0
2026-01-09,BDX,35.193825,2.306378,0.06544,0.07683,0.47431,0.17858,78.85,1.113,0.083,58562179072.0
2026-01-09,BEP,-22.288977,2.434956,0.0073,-0.057779998,0.55556,0.1297,110.589,0.582,0.086,18293512192.0
2026-01-09,BIDU,12.691823,1.2673035,0.03076,0.06898,0.44752,0.03525,33.81,1.907,-0.071,49244024832.0
2026-01-09,BIIB,16.955332,1.4986223,0.09307,0.1598,0.76563,0.30718002,36.194,2.716,0.028,27286622208.0
2026-01-09,BILL,21.309175,1.4304445,0.00302,0.00795,0.83849,-0.02994,49.494,1.674,0.104,5475665920.0
2026-01-09,BKNG,35.460762,-37.1429,,0.19371,0.86992997,0.44904998,,1.334,0.127,176471834624.0
2026-01-09,BKR,17.310345,2.7272234,0.1689,0.104329996,0.21353,0.13524,33.042,1.409,0.015,49536049152.0
2026-01-09,BLK,28.0103,3.039732,0.120740004,0.26638,0.47664002,0.3214,24.32,2.256,0.252,168791785472.0
2026-01-09,BMY,18.821548,6.134767,0.33777002,0.12572,0.73146003,0.31566,274.414,1.266,0.028,113798602752.0
2026-01-09,BSX,52.609623,6.233684,0.12488,0.1443,0.68329,0.20731,50.973,1.508,0.203,145842634752.0
2026-01-09,BTG,29.999998,1.8,0.07229,0.08753,0.61599,0.31756002,18.916,1.034,0.747,6012619776.0
2026-01-09,C,16.938202,1.1124538,0.06995,0.19488001,0.0,0.30606002,,,0.116,222012293120.0
2026-01-09,CAT,31.25026,13.776362,0.46283,0.14339,0.3012,0.17746,201.046,1.384,0.095,284896067584.0
2026-01-09,CB,13.074352,1.7176756,0.1364,0.16442,0.29035,0.25623,30.958,0.38,0.091,124790063104.0
2026-01-09,CCI,24.60553,-24.627039,-2.06679,-0.71931,0.71168,0.49254,,0.259,-0.043,36806684672.0
2026-01-09,CCJ,120.18182,9.412279,0.080979995,0.15184,0.36308998,0.13426,14.854,2.991,-0.147,46180315136.0
2026-01-09,CDE,27.633804,4.073075,0.19572,0.24034001,0.48680001,0.33276,12.172,1.999,0.769,12600060928.0
2026-01-09,CDNS,81.95372,16.6911,0.21736,0.20354,0.85545,0.35089,47.685,3.048,0.101,86869803008.0
2026-01-09,CDW,16.754742,6.7995486,0.43007,0.04757,0.21604,0.07953,239.737,1.39,0.04,17369481216.0
2026-01-09,CEG,36.903893,7.018911,0.19839,0.11026,0.20131999,0.16332,61.51,1.563,0.003,116853047296.0
2026-01-09,CHPT,-2.0482967,4.331485,-2.13875,-0.58095,0.29931,-0.41955003,882.477,1.586,0.061,166281216.0
2026-01-09,CHTR,5.813973,1.7691225,0.31327,0.092939995,0.55237,0.23858999,497.907,0.375,-0.009,28644497408.0
2026-01-09,CI,12.562389,1.8105582,0.15538,0.02293,0.09551,0.04,81.021,0.828,0.095,75839692800.0
2026-01-09,CL,22.652662,76.14877,2.93635,0.1447,0.60148,0.2023,680.048,0.93,0.019,65360818176.0
2026-01-09,CMCSA,4.6860466,1.0619235,0.24186,0.18333,0.71882004,0.17735,101.462,0.882,-0.027,111180251136.0
2026-01-09,CME,25.837212,3.4036689,0.13346,0.58946997,1.0,0.63386,13.372,1.021,-0.03,96150331392.0
2026-01-09,CMG,34.672565,16.123457,0.44958,0.13036,0.40191,0.16134001,154.574,1.542,0.075,52535873536.0
2026-01-09,CMS,20.129683,2.4601133,0.11233,0.12622,0.42327,0.26174998,191.676,0.899,0.16,21256736768.0
2026-01-09,COF,87.86254,1.4994048,0.01615,0.04899,0.0,0.38719,,,0.679,163511779328.0
2026-01-09,COIN,21.226448,4.118979,0.26005,0.43664002,0.84822,0.25254,48.559,2.404,0.589,66225209344.0
2026-01-09,COP,13.943503,1.878985,0.15421,0.14445,0.47415,0.19543,36.169,1.323,0.14,123295588352.0
2026-01-09,COST,49.02571,13.408777,0.30325,0.02961,0.12876001,0.03659,26.968,1.038,0.083,406358917120.0
2026-01-09,CPRT,23.95092,3.9362774,0.18124,0.34243,0.47624,0.37289003,1.039,7.939,0.007,37791412224.0
2026-01-09,CRM,34.830215,4.088862,0.12184,0.17913,0.77729,0.23862,19.385,0.984,0.086,248024563712.0
2026-01-09,CRWD,95.95808,29.111961,-0.088149995,-0.06882,0.74277,-0.05589,20.154,1.811,0.222,116940898304.0
2026-01-09,CSCO,28.555984,6.2135596,0.22418,0.17902,0.64847,0.23604,63.228,0.927,0.075,292222959616.0
2026-01-09,CSX,22.935066,5.156957,0.22589001,0.20548001,0.46293,0.35071,155.283,0.847,-0.009,65846263808.0
2026-01-09,CTAS,41.18182,17.075928,0.43396,0.17584999,0.50249,0.23417999,72.656,1.705,0.093,76664881152.0
2026-01-09,CVS,212.10526,1.4035943,0.0057800002,0.0011999999,0.13352,0.022650002,111.821,0.832,0.078,102316253184.0
2026-01-09,CVX,22.429577,1.6890459,0.07316,0.06767,0.40602002,0.098529994,21.239,1.152,-0.014,320860454912.0
2026-01-09,D,18.88889,1.8487127,0.09204,0.16790001,0.49029,0.34504002,154.315,0.845,0.149,49356185600.0
2026-01-09,DD,25.086706,0.7940428,0.03217,-0.060110003,0.37117,0.17773001,39.673,2.002,0.073,18183530496.0
2026-01-09,DDOG,421.54837,13.319742,0.03519,0.033239998,0.79959,-0.00656,37.199,3.663,0.284,45825650688.0
2026-01-09,DE,27.099567,5.2174273,0.20427999,0.11017,0.26957,0.12385,248.418,2.262,0.126,135439073280.0
2026-01-09,DHI,12.610199,1.7760626,0.14321,0.10468,0.22516,0.124680005,24.514,6.421,-0.032,42611630080.0
2026-01-09,DHR,48.35391,3.2499862,0.06843,0.14435,0.59593,0.2075,35.544,1.519,0.044,168272117760.0
2026-01-09,DIA,23.86233,1.375037,,,,,,,,40014565376.0
2026-01-09,DIS,16.667152,1.8611133,0.12203,0.13136,0.37764,0.11868,39.632,0.71,-0.005,205270106112.0
2026-01-09,DLR,39.722076,2.3532398,0.05825,0.23959999,0.54806,0.13333,79.248,1.304,0.111,53480312832.0
2026-01-09,DLTR,24.926136,7.6233783,0.20066999,-0.15397,0.35939997,0.06725,221.055,0.959,0.094,26844207104.0
2026-01-09,DNN,-69.663284,10.278825,-0.39583,0.0,-0.03083,-21.151201,148.551,11.973,0.504,2987977472.0
2026-01-09,DOW,-89.88452,1.0502856,-0.05287,-0.02769,0.07218,0.01905,102.943,1.944,-0.083,18423089152.0
2026-01-09,DTE,19.40569,2.2143455,0.11658,0.093439996,0.31271,0.18968001,207.975,1.152,0.214,26921949184.0
2026-01-09,DUK,18.475592,1.8078154,0.09905,0.15972,0.52401,0.27125,170.344,0.629,0.048,91235213312.0
2026-01-09,DVN,8.511793,1.478856,0.18586999,0.16424999,0.49348,0.24194999,56.274,0.957,0.071,22909931520.0
2026-01-09,DXCM,38.016666,9.7897,0.30635,0.15958999,0.59014,0.20053,94.479,1.565,0.216,26835185664.0
2026-01-09,EA,59.539356,8.486889,0.13201,0.121429995,0.78787005,0.10875,36.65,0.838,-0.092,51076673536.0
2026-01-09,EBAY,20.150774,8.7435055,0.42430001,0.20366,0.71645,0.21418,151.155,0.925,0.095,41532157952.0
2026-01-09,ECL,39.043102,11.584107,0.21869,0.12489,0.44358003,0.14715,103.915,1.697,0.178,77072228352.0
2026-01-09,ED,17.513987,1.4964076,0.08839,0.122700006,0.53414,0.25342,110.373,1.075,0.107,36158529536.0
2026-01-09,EGO,20.835163,1.8566391,0.0963,0.22147,0.60330003,0.39688,31.149,2.794,0.31,7656433664.0
2026-01-09,ELV,15.26558,1.8932176,0.12569,0.028399998,0.26261,0.034649998,72.823,1.56,0.123,84390068224.0
2026-01-09,EMR,35.69479,3.9916203,0.09363,0.12728,0.52836,0.20721,67.785,0.876,0.051,80887160832.0
2026-01-09,ENPH,24.267122,4.65939,0.20305,0.12932,0.31934,0.16433,123.979,2.042,0.078,4636359680.0
2026-01-09,EOG,10.483615,1.8955703,0.18476999,0.24410999,0.62289,0.33223,26.835,1.624,-0.024,57640525824.0
2026-01-09,EQIX,71.930084,5.422793,0.077,0.118,0.50353,0.21851999,147.969,1.34,0.066,76769730560.0
2026-01-09,EQR,20.680922,2.1616697,0.10444,0.37583,0.6301,0.28955,76.237,0.165,0.046,24743235584.0
2026-01-09,ES,18.67956,1.5824578,0.0861,0.102189995,0.54386,0.22489001,184.357,0.715,0.051,25370292224.0
2026-01-09,ETN,32.058,6.6079893,0.20653,0.14741,0.38265,0.19791001,59.661,1.28,0.101,124801785856.0
2026-01-09,EW,37.096493,4.812792,0.13492,0.23249,0.78188,0.27371,6.862,4.004,0.147,49656922112.0
2026-01-09,EXC,15.573477,1.5614332,0.10308,0.116009995,0.42286998,0.22177,177.601,0.939,0.09,43883945984.0
2026-01-09,F,12.307693,1.2106944,0.10295,0.024820002,0.07555,0.03146,346.673,1.121,0.094,57376780288.0
2026-01-09,FANG,10.37667,1.0837114,0.10901,0.28689,0.74942,0.36628,35.66,0.623,0.42,42745520128.0
2026-01-09,FAST,39.06542,12.323113,0.32742,0.15336001,0.45147,0.20696,13.283,4.259,0.117,47987892224.0
2026-01-09,FCX,37.916084,4.164043,0.14538999,0.07969,0.3872,0.28055,30.589,2.455,0.027,77856161792.0
2026-01-09,FDX,17.09126,2.5805671,0.15886,0.04814,0.27618,0.0764,,1.274,0.139,72912601088.0
2026-01-09,FNV,47.179916,6.2113037,0.14166,0.60063,0.90166,0.70044,,4.641,0.773,43645550592.0
2026-01-09,FSLR,18.899464,2.931213,0.16864,0.27728,0.40048,0.29225,9.893,1.91,0.797,26425702400.0
2026-01-09,FTNT,32.119343,78.83839,2.28043,0.28584,0.80866,0.31648,148.116,1.027,0.144,59807068160.0
2026-01-09,GD,22.77641,3.8793712,0.17782,0.081829995,0.15326999,0.10459,40.419,1.4,0.106,94931132416.0
2026-01-09,GDX,25.810713,,,,,,,,,
2026-01-09,GDXJ,27.10375,,,,,,,,,
2026-01-09,GE,42.037434,17.63149,0.42131,0.18344,0.32459998,0.20598,115.246,1.077,0.238,333444546560.0
2026-01-09,GEHC,18.252588,4.018598,0.24450001,0.10945,0.40803,0.14213,105.127,1.181,0.058,40250511360.0
2026-01-09,GFS,20.599617,1.8460882,-0.0035100002,-0.00648,0.24017,0.11552,14.134,3.031,-0.029,21621575680.0
2026-01-09,GILD,18.679565,6.95785,0.40706003,0.27882,0.78716004,0.45231,116.243,1.453,0.03,149728165888.0
2026-01-09,GIS,9.445161,2.5154638,0.27173,0.1351,0.33830002,0.17874001,147.23,0.657,-0.072,23434924032.0
2026-01-09,GLD,,2.4202874,,,,,,,,107110842368.0
2026-01-09,GLDM,,,,,,,,,,
2026-01-09,GM,16.246183,1.1966544,0.04442,0.01625,0.100760005,0.056739997,195.437,1.229,-0.003,81050386432.0
2026-01-09,GOLD,126.899994,1.4568902,0.0094800005,0.00062,0.02012,0.00084,108.391,1.368,0.356,938211840.0
2026-01-09,GOOG,32.150887,10.177318,0.3545,0.32233003,0.59172,0.30512,11.424,1.747,0.159,3935538511872.0
2026-01-09,GOOGL,32.158104,10.159523,0.3545,0.32233003,0.59172,0.30512,11.424,1.747,0.159,3941768888320.0
2026-01-09,GS,18.973616,2.6861465,0.13532,0.29073998,0.82997,0.37203997,586.142,1.657,0.207,282992771072.0
2026-01-09,HAL,21.304634,2.6580186,0.12788,0.05913,0.16172001,0.12857,83.613,1.955,-0.017,27428208640.0
2026-01-09,HD,24.509884,29.527798,1.62909,0.087740004,0.33355,0.12945,544.586,1.051,0.028,357946097664.0
2026-01-09,HL,67.77419,5.74829,0.08878,0.16268998,0.49515998,0.37598,11.711,2.153,0.671,14078773248.0
2026-01-09,HMY,14.827339,4.3803115,0.32524,0.19465,0.39654,0.29669002,4.925,1.72,0.227,12872665088.0
2026-01-09,HON,21.64979,7.764537,0.34616002,0.1507,0.36944,0.18505,215.247,1.358,0.07,138305028096.0
2026-01-09,HSY,27.615845,8.207463,0.31013,0.118360005,0.3773,0.13542,125.764,1.363,0.065,37464551424.0
2026-01-09,HUBS,32.26507,10.407698,-0.00196,-0.00118,0.84130996,0.01516,14.653,1.607,0.209,19491182592.0
2026-01-09,HUM,25.96539,1.8024026,0.07159,0.01022,0.14949,0.02043,69.686,2.024,0.111,33384198144.0
2026-01-09,IAU,,2.4347122,,,,,,,,81764245504.0
2026-01-09,IBM,36.081047,10.140354,0.30156,0.120900005,0.57808995,0.1717,237.831,0.932,0.091,282963050496.0
2026-01-09,ICE,29.504555,3.2232902,0.114930004,0.32431,1.0,0.49067003,67.954,1.012,0.026,92721094656.0
2026-01-09,ICLN,20.625425,,,,,,,,,
2026-01-09,IDXX,56.494057,36.50474,0.64633006,0.24654,0.6172,0.32106,71.29,1.18,0.133,56994545664.0
2026-01-09,ILMN,32.69731,9.370903,0.31203,0.16395001,0.68377,0.21402,108.19,1.425,0.004,22414071808.0
2026-01-09,INTC,685.1667,1.841846,0.0018600001,0.0037099998,0.33023,0.06284,39.881,1.602,0.028,196094705664.0
2026-01-09,INTU,44.83173,9.408738,0.21987,0.21191,0.80728996,0.15697,,1.386,0.41,181725593600.0
2026-01-09,IQV,33.451168,6.723342,0.19374001,0.08067001,0.33778,0.13976,242.366,0.703,0.052,41415258112.0
2026-01-09,IR,62.496296,3.2931304,0.05382,0.07309,0.43723,0.20476,47.62,2.162,0.051,33533069312.0
2026-01-09,ISRG,77.49404,12.265058,0.16902,0.28577998,0.66376996,0.30326,,4.728,0.229,209737449472.0
2026-01-09,ITW,24.63398,22.94538,0.91683,0.19052,0.43927,0.27667,278.654,1.53,0.023,73962291200.0
2026-01-09,IWM,19.000282,1.1809652,,,,,,,,72586772480.0
2026-01-09,JD,9.759869,1.2593443,0.11722,0.0247,0.09516,-0.0040599997,36.821,1.198,0.149,43775299584.0
2026-01-09,JNJ,19.879227,6.2448783,0.33619,0.27259,0.68355006,0.30200002,57.766,1.074,0.068,495712468992.0
2026-01-09,JPM,16.342419,2.6392279,0.16437,0.347,0.0,0.43708,,,0.088,906841358336.0
2026-01-09,K,22.797813,6.907285,0.32112,0.10079,0.35209,0.15031,145.099,0.678,0.008,29031499776.0
2026-01-09,KDP,23.801725,1.4812232,0.06291,0.09781,0.54761004,0.23107,73.567,0.625,0.107,37510483968.0
2026-01-09,KGC,21.608393,4.698905,0.2481,0.273,0.64346004,0.44254002,15.57,2.83,0.258,37775978496.0
2026-01-09,KHC,9.313845,0.66927564,-0.09693,-0.1735,0.33735,0.17637,50.968,1.127,-0.023,27733049344.0
2026-01-09,KLAC,41.66719,34.94526,0.99167997,0.33828998,0.61294997,0.41661,122.127,2.692,0.13,174429323264.0
2026-01-09,KMB,16.729273,24.631292,1.3688201,0.09983,0.35647,0.16699,500.068,0.773,0.001,32814274560.0
2026-01-09,KO,22.9702,9.55115,0.42442,0.2734,0.61632997,0.32373002,144.771,1.211,0.051,298545414144.0
2026-01-09,KR,52.911507,4.846004,0.07997,0.0053600003,0.24024001,0.03101,357.991,0.878,0.007,39621529600.0
2026-01-09,LCID,-1.7329632,2.0237668,-0.61119,-2.14095,-0.97909,-2.7988,75.61,1.805,0.683,3643653376.0
2026-01-09,LEN,13.72807,1.2589784,0.08406,0.06079,0.18267,0.078779995,27.53,12.398,-0.058,27055667200.0
2026-01-09,LEU,44.448757,14.357727,0.51741004,0.25039,0.31777,-0.23497999,334.288,3.457,0.298,5213194240.0
2026-01-09,LI,15.431191,1.634515,0.066350006,0.036310002,0.19423,-0.04302,24.443,1.803,-0.362,17043441664.0
2026-01-09,LIN,29.410704,5.3167515,0.17979999,0.21170999,0.48776,0.2794,64.673,0.823,0.031,206174830592.0
2026-01-09,LLY,53.195587,40.858055,0.9647,0.30986,0.83029,0.48294,178.516,1.546,0.539,972825886720.0
2026-01-09,LMT,28.89855,19.291508,0.62776,0.05726,0.08252,0.11693,358.987,1.129,0.088,121037627392.0
2026-01-09,LOW,21.227009,-13.844698,,0.08045,0.3359,0.1192,,1.04,0.032,143721381888.0
2026-01-09,LRCX,44.46018,24.825201,0.62261003,0.29657,0.49313,0.34354,43.991,2.207,0.277,253417062400.0
2026-01-09,LULU,14.7442665,5.5566616,0.41017,0.15720001,0.58413,0.16988,39.156,2.13,0.071,25161062400.0
2026-01-09,MA,37.041508,66.05968,1.8486099,0.45275003,1.0,0.598,239.715,1.122,0.167,524390170624.0
2026-01-09,MAR,34.23709,-28.062706,,0.37984002,0.81554,0.65933996,,0.467,0.056,88199364608.0
2026-01-09,MCD,26.377455,-101.705635,,0.3204,0.57425,0.46905997,,1.0,0.03,220418129920.0
2026-01-09,MDB,74.492004,11.647467,-0.032279998,-0.030580001,0.71616995,-0.02932,2.297,5.255,0.187,33657118720.0
2026-01-09,MDLZ,20.220974,2.661179,0.13101,0.0938,0.31053,0.10837,83.621,0.611,0.059,69860114432.0
2026-01-09,MDT,26.745258,2.6004586,0.09822,0.13706,0.65576,0.20299,59.563,2.415,0.066,126581383168.0
2026-01-09,MELI,53.191803,17.693327,0.40646,0.0793,0.50356996,0.097720005,159.296,1.174,0.395,110509727744.0
2026-01-09,MET,15.024482,1.8212117,0.12798001,0.053400002,0.24260001,0.0701,163.999,1.891,-0.059,53055778816.0
2026-01-09,META,28.574081,8.39257,0.32643002,0.30892,0.82013,0.40075,26.311,1.978,0.262,1628412051456.0
2026-01-09,MLM,32.790855,3.9530058,0.12523,0.16688,0.30552,0.27898002,60.618,2.966,0.124,38482591744.0
2026-01-09,MMC,22.41007,6.0438495,0.28734,0.15601,0.43953,0.19240999,139.501,1.123,0.115,91884527616.0
2026-01-09,MMM,26.396166,18.966944,0.72920996,0.137,0.40979,0.24367,281.904,1.842,0.035,88011735040.0
2026-01-09,MNST,43.522728,9.661958,0.25538,0.21654,0.55813,0.30738002,0.779,3.185,0.168,74839818240.0
2026-01-09,MO,10.66794,-35.469543,,0.4398,0.72186,0.62826,,0.618,-0.017,93905903616.0
2026-01-09,MPC,18.837236,3.117375,0.18887,0.02158,0.093109995,0.049689997,143.175,1.315,-0.008,53832880128.0
2026-01-09,MRK,14.681217,5.324538,0.39485002,0.29632,0.77852,0.40802,79.708,1.661,0.037,277228978176.0
2026-01-09,MRNA,-4.856723,1.4189926,-0.29317,-1.39606,-1.07616,-0.25591,7.867,3.925,-0.454,13230240768.0
2026-01-09,MRVL,29.383802,5.0380344,0.18040001,0.31748,0.50708,0.17733999,33.988,2.014,0.368,71942242304.0
2026-01-09,MS,18.941538,2.9322195,0.15135,0.23606001,0.86797,0.38872,420.553,2.266,0.191,294811271168.0
2026-01-09,MSFT,34.00498,9.789311,0.32241002,0.35707,0.68764,0.48873,33.154,1.401,0.184,3553871003648.0
2026-01-09,MU,31.05603,6.2616315,0.22554001,0.28146,0.45308998,0.44974998,21.244,2.46,0.567,368064036864.0
2026-01-09,NEE,25.234919,3.0554273,0.08236,0.24729,0.62041,0.30768,144.161,0.553,0.053,165546639360.0
2026-01-09,NEM,16.62364,3.5162342,0.22875999,0.33423,0.59299,0.4685,16.914,2.039,0.2,117413281792.0
2026-01-09,NET,158.84723,48.611546,-0.08882,-0.05118,0.75203,-0.06665,259.964,2.041,0.307,65488568320.0
2026-01-09,NFLX,37.87866,14.780408,0.42861,0.24047,0.48084998,0.28219998,65.822,1.332,0.172,383604883456.0
2026-01-09,NIO,-9.763621,21.906374,-1.6002901,-0.31465,0.112720005,-0.14801,228.656,0.937,0.167,11960557568.0
2026-01-09,NKE,38.163742,6.856483,0.17950001,0.05426,0.41132998,0.08095,80.099,2.063,0.006,96609820672.0
2026-01-09,NLR,27.938791,,,,,,,,,
2026-01-09,NOC,21.274395,5.2764177,0.26152,0.09819999,0.19422,0.13221,109.401,1.109,0.043,84591067136.0
2026-01-09,NOW,88.600006,13.425475,0.16813,0.13665,0.78053004,0.16789,21.255,1.063,0.218,154251362304.0
2026-01-09,NSC,22.082317,4.2936115,0.2048,0.24219,0.46427,0.36578,116.353,0.862,0.017,65009291264.0
2026-01-09,NUE,23.578653,1.8498155,0.09014,0.05185,0.114829995,0.10421,31.248,2.774,0.145,38420791296.0
2026-01-09,NVDA,45.91563,37.825016,1.07359,0.53007,0.7005,0.63168997,9.102,4.468,0.625,4505169035264.0
2026-01-09,NXE,-98.09091,9.364016,-0.31237,0.0,0.0,0.0,65.078,0.498,,7062714368.0
2026-01-09,O,54.476635,1.3731126,0.02488,0.17135,0.92573,0.44514,73.977,1.362,0.103,53621309440.0
2026-01-09,ODFL,34.351406,8.403498,0.25059,0.18967,0.39296,0.25655,1.994,1.204,-0.043,35953467392.0
2026-01-09,OKTA,85.39091,2.4150875,0.02964,0.06866,0.77077,0.031,6.137,1.466,0.116,16647234560.0
2026-01-09,ON,83.41096,3.1219237,0.03891,0.051570002,0.40297002,0.18505,45.833,5.231,-0.12,24902426624.0
2026-01-09,OR,48.78205,5.128032,0.11262,0.60722,0.96418,0.65182996,0.378,4.373,0.706,7152862720.0
2026-01-09,ORCL,35.58161,18.191845,0.69026,0.25280002,0.68543,0.31997,432.511,0.909,0.142,544889077760.0
2026-01-09,ORLY,31.81597,-86.77083,,0.14225,0.51474,0.20742,,0.757,0.078,77521936384.0
2026-01-09,OXY,31.786764,1.522451,0.05955,0.08169,0.63577,0.17723,62.221,0.935,-0.077,42590646272.0
2026-01-09,PAAS,30.68786,3.3862736,0.11287,0.19482,0.47349,0.30049,13.316,2.313,0.193,22406475776.0
2026-01-09,PANW,120.75949,15.237183,0.15324001,0.11687,0.73467004,0.12005,4.951,0.985,0.157,132987600896.0
2026-01-09,PAYX,25.848415,10.569896,0.40884998,0.26446,0.73362,0.41667,129.814,1.265,0.183,41012031488.0
2026-01-09,PCAR,23.222002,3.205163,0.14151,0.091120005,0.14876,0.099209994,82.453,5.69,-0.19,62079152128.0
2026-01-09,PDD,12.345177,3.0422602,0.30533,0.24435,0.56649,0.23113,2.727,2.355,0.09,172629000192.0
2026-01-09,PEP,26.546665,9.841124,0.37162,0.078200005,0.54269004,0.16903,260.19,0.912,0.027,190808293376.0
2026-01-09,PFE,14.703488,1.5495375,0.105979994,0.15654999,0.74808,0.35277,66.531,1.282,-0.059,143791554560.0
2026-01-09,PG,20.661314,6.299462,0.31902,0.19739,0.51278996,0.2758,67.125,0.714,0.03,331248893952.0
2026-01-09,PGR,11.698683,3.5239558,0.34223998,0.12579,0.17906,0.15079,19.455,0.297,0.142,124948529152.0
2026-01-09,PH,32.258717,8.302604,0.27294,0.18178,0.37199003,0.21086,74.953,1.066,0.037,114708398080.0
2026-01-09,PLD,37.322674,2.267974,0.05963,0.35243,0.76095,0.42720002,62.789,0.767,0.087,119257235456.0
2026-01-09,PLTR,421.09525,63.963833,0.19504,0.28114,0.80807996,0.33296,3.52,6.427,0.628,421534531584.0
2026-01-09,PLUG,-7.4344673,1.9661018,-0.93849,0.0,-0.70698,-1.39434,66.156,1.32,0.019,3228593664.0
2026-01-09,PM,22.687143,-22.651546,,0.21574,0.66920996,0.40747002,,0.848,0.094,247209787392.0
2026-01-09,PNC,14.124031,1.6115338,0.11486,0.29937,0.0,0.39788,,,0.108,85911740416.0
2026-01-09,PPG,18.83721,3.0294313,0.1616,0.06348,0.41562,0.1416,99.56,1.465,0.012,23766210560.0
2026-01-09,PPL,23.585032,1.7789521,0.076620005,0.12162,0.42299,0.26619,132.089,0.774,0.084,25646755840.0
2026-01-09,PRU,16.263014,1.2944024,0.085,0.04538,0.28004,0.09917,148.723,0.841,-0.083,41782665216.0
2026-01-09,PSA,28.182953,9.586987,0.19933,0.39453998,0.72700995,0.46947,106.758,0.269,0.031,47571529728.0
2026-01-09,PSLV,4.7984934,,,,,,,,,15418380288.0
2026-01-09,PSX,38.873314,2.1588204,0.056199998,0.011410001,0.107939996,0.04395,77.483,1.227,-0.029,58282799104.0
2026-01-09,QCLN,34.203503,,,,,,,,,
2026-01-09,QCOM,36.374,9.210938,0.2334,0.12512,0.55429,0.26235,73.767,2.816,0.1,196237737984.0
2026-01-09,QQQ,33.544586,1.7342513,,,,,,,,243906740224.0
2026-01-09,REGN,19.195065,2.6598728,0.15188,0.32131,0.45832002,0.29563,8.739,4.063,0.009,84896997376.0
2026-01-09,RGLD,33.44856,6.175666,0.10985,0.42476,0.84738,0.50526,0.257,3.516,0.059,20579622912.0
2026-01-09,RING,23.070957,,,,,,,,,902404992.0
2026-01-09,RIVN,-8.2835655,4.8136497,-0.64919,-0.61337,0.03325,-0.63094,102.282,2.708,0.783,24383410176.0
2026-01-09,ROK,52.62842,12.41687,0.20282,0.104169995,0.48141998,0.19732,98.275,1.135,0.138,45384777728.0
2026-01-09,ROST,29.573439,10.413755,0.37425,0.0947,0.3259,0.11578,88.181,1.52,0.104,61555576832.0
2026-01-09,RSG,31.433235,5.5324597,0.18249,0.12768,0.43267,0.19919,113.763,0.583,0.033,66146041856.0
2026-01-09,RTX,38.433266,3.8898933,0.10702,0.07666,0.20127001,0.12399,61.315,1.073,0.119,250952286208.0
2026-01-09,RUN,19.35709,1.4203663,-0.72506,-1.06502,0.24148001,0.00504,317.405,1.457,0.349,4246365184.0
2026-01-09,SBUX,54.09816,-12.381353,,0.04992,0.23045999,0.10976,,0.723,0.055,100269481984.0
2026-01-09,SCHW,23.73302,4.248166,0.17046,0.35930002,0.97342,0.49242002,99.789,0.59,0.266,183954325504.0
2026-01-09,SEDG,93.55387,3.7566729,-0.78094,-0.53646,0.02438,-0.14307,86.67,2.281,0.445,1809549568.0
2026-01-09,SGOL,,,,,,,,,,
2026-01-09,SHOP,123.73529,17.50364,0.15741,0.16650999,0.48747003,0.1737,8.912,3.934,0.315,219074134016.0
2026-01-09,SHW,33.336266,18.993595,0.59939,0.110489994,0.48876,0.18197,325.153,0.822,0.032,85030141952.0
2026-01-09,SIL,35.27452,,,,,,,,,
2026-01-09,SILJ,33.8194,,,,,,,,,
2026-01-09,SIVR,,,,,,,,,,
2026-01-09,SLB,17.28794,2.589161,0.15182,0.10341,0.19307,0.15479,47.459,1.387,-0.025,66375024640.0
2026-01-09,SLV,,3.2654114,,,,,,,,23802478592.0
2026-01-09,SMCI,23.543306,2.73559,0.12787,0.03766,0.10078,0.03632,79.184,5.394,-0.155,17849436160.0
2026-01-09,SMH,42.22882,,,,,,,,,4423037952.0
2026-01-09,SMR,-35.266697,3.977755,-2.97544,0.0,0.66764,-5.26838,,1.615,16.352,5563531264.0
2026-01-09,SNOW,137.04813,35.89254,-0.53093,-0.30764,0.67243,-0.27164,125.912,1.367,0.287,76580937728.0
2026-01-09,SNPS,63.674503,3.3780465,0.0716,0.18886,0.81404996,0.053839996,50.459,1.615,0.378,98431303680.0
2026-01-09,SO,21.696518,2.7438028,0.11429,0.15422,0.49023,0.36558998,192.679,0.755,0.075,96038371328.0
2026-01-09,SPG,26.965014,26.152975,0.82455003,0.36498,0.81992996,0.50757,884.863,0.592,0.082,69775753216.0
2026-01-09,SPGI,39.35756,4.9590683,0.119940005,0.28091,0.69824,0.44316003,31.784,0.974,0.088,165338267648.0
2026-01-09,SPY,27.916355,1.6064256,,,,,,,,632819875840.0
2026-01-09,SRE,27.086153,1.8439077,0.0677,0.15754,0.41332,0.14503,81.287,1.587,0.135,57455554560.0
2026-01-09,STZ,23.191223,3.348724,0.14454001,0.11826,0.52141,0.33925998,133.293,1.339,-0.098,25754910720.0
2026-01-09,SWK,28.099998,1.4056301,0.04918,0.02892,0.29858,0.09042,78.538,1.109,0.001,12621575168.0
2026-01-09,SYK,48.317104,6.4461255,0.14036,0.12071,0.65046996,0.22272,78.646,1.849,0.102,140429787136.0
2026-01-09,SYY,19.911528,17.19611,0.8346,0.02211,0.18428,0.041750003,690.715,1.148,0.032,35565010944.0
2026-01-09,T,7.8729644,1.5520452,0.19139999,0.17870001,0.59675,0.2158,124.412,1.013,0.016,172824821760.0
2026-01-09,TAN,20.888832,,,,,,,,,
2026-01-09,TAP,8.533532,0.9044274,-0.17295,-0.18638,0.38736,0.16489,61.017,0.604,-0.023,9343962112.0
2026-01-09,TEAM,26.490263,28.53351,-0.15349,-0.03384,0.83452004,-0.028380001,88.892,1.263,0.206,39334658048.0
2026-01-09,TFC,13.659517,1.0910298,0.07982,0.28605,0.0,0.39318,,,0.025,65696722944.0
2026-01-09,TJX,34.933773,18.776695,0.58396,0.086789995,0.30852,0.12489,140.977,1.094,0.075,176122560512.0
2026-01-09,TMO,35.07808,4.4663897,0.13116999,0.15022,0.41389,0.19277,69.75,1.498,0.049,227866935296.0
2026-01-09,TMUS,19.08486,3.660323,0.19034,0.13826999,0.63775,0.2223,200.622,0.893,0.089,222731681792.0
2026-01-09,TRV,11.183785,2.0048819,0.19809,0.121350005,0.28395998,0.19687,29.318,0.338,0.048,63978532864.0
2026-01-09,TSLA,302.63885,18.114555,0.06791,0.05314,0.17006999,0.06628,17.082,2.066,0.116,1449391947776.0
2026-01-09,TSM,32.98859,51.938087,0.34657001,0.43287,0.58976,0.50578,20.436,2.693,0.303,1649360371712.0
2026-01-09,TTWO,31.706867,13.582693,-0.86609,-0.64265,0.59538,-0.054970004,102.325,1.154,0.311,46634483712.0
2026-01-09,TWLO,335.1951,2.646957,0.00834,0.013730001,0.4937,0.031489998,13.867,4.685,0.147,21086377984.0
2026-01-09,TXN,34.388687,10.302318,0.29757,0.29208001,0.57483,0.36736,84.477,4.45,0.142,171326898176.0
2026-01-09,UEC,200.96552,5.3645062,-0.07287,-1.5646001,-1.13455,-1.80848,0.147,27.716,,7042808832.0
2026-01-09,UNH,18.083942,3.2806811,0.17476,0.04042,0.19701,0.03813,75.734,0.823,0.122,314190135296.0
2026-01-09,UNP,19.495337,7.8785906,0.41619,0.2873,0.56144,0.41030997,189.829,0.748,0.025,136338038784.0
2026-01-09,UPS,16.533232,5.73289,0.33618,0.061490003,0.21691,0.10175,184.32,1.305,-0.037,90751811584.0
2026-01-09,URA,37.9767,,,,,,,,,
2026-01-09,URNM,12.936482,,,,,,,,,
2026-01-09,USB,12.707094,1.5287833,0.1172,0.27632,0.0,0.39486,,,0.072,86415196160.0
2026-01-09,V,34.49853,18.173048,0.52068,0.50145,0.97765,0.6575,68.807,1.078,0.115,679767703552.0
2026-01-09,VEEV,46.91829,5.629187,0.13719,0.2793,0.75666,0.2969,1.275,7.527,0.16,39642329088.0
2026-01-09,VLO,39.858334,2.4566317,0.052389998,0.01283,0.06164,0.05527,39.561,1.596,-0.032,59433893888.0
2026-01-09,VMC,35.31641,4.5207653,0.13520999,0.14189,0.28226998,0.23622,56.296,2.231,0.144,39524319232.0
2026-01-09,VRSK,34.23195,82.445435,2.68133,0.30418,0.69622004,0.45529,1295.046,1.193,0.059,31135483904.0
2026-01-09,VRTX,33.006325,6.8871064,0.22307,0.31349,0.52716,0.40268,10.594,2.362,0.11,120421564416.0
2026-01-09,VST,53.978497,18.654776,0.1731,0.06701,0.34809,0.21042,335.784,0.995,-0.209,51027124224.0
2026-01-09,VZ,8.65032,1.6284671,0.19875,0.14428,0.59415,0.23932,164.799,0.739,0.015,171060379648.0
2026-01-09,WBD,149.05263,1.9475964,0.00969,0.01281,0.44484,0.087340005,89.857,1.074,-0.06,70219063296.0
2026-01-09,WDAY,88.51899,6.2376237,0.073359996,0.06955,0.75636,0.10855,42.719,1.829,0.126,56013926400.0
2026-01-09,WEC,19.929924,2.522836,0.12807,0.17748,0.43422002,0.22163,151.448,0.498,0.129,34230714368.0
2026-01-09,WELL,128.48965,3.2886167,0.0275,0.09693,0.39834,0.19906001,46.211,6.991,0.306,127869779968.0
2026-01-09,WFC,15.749587,1.8295249,0.115200005,0.26629,0.0,0.33717,,,0.075,306248974336.0
2026-01-09,WM,34.362774,9.220416,0.29328,0.10345,0.39993998,0.18872999,245.399,0.843,0.149,87768612864.0
2026-01-09,WMT,39.534966,9.380289,0.23661,0.03259,0.24906999,0.0373,66.747,0.803,0.058,901490278400.0
2026-01-09,WPM,56.263634,6.944179,0.13048,0.54721,0.84247,0.66542,0.099,8.089,0.545,56272777216.0
2026-01-09,XEL,22.37195,2.0489767,0.09449001,0.13459,0.45031,0.26615998,167.891,0.795,0.074,43407187968.0
2026-01-09,XLE,18.424244,0.8932169,,,,,,,,8678037504.0
2026-01-09,XLF,19.231802,1.6432961,,,,,,,,49384574976.0
2026-01-09,XLI,27.410547,1.6280416,,,,,,,,21883385856.0
2026-01-09,XLK,38.371326,0.9657528,,,,,,,,39241359360.0
2026-01-09,XLP,23.112469,1.1505346,,,,,,,,16485892096.0
2026-01-09,XLV,26.655714,1.2425348,,,,,,,,31215259648.0
2026-01-09,XOM,17.864826,1.9892857,0.11424,0.091809995,0.31222,0.11057,15.672,1.137,-0.051,523995709440.0
2026-01-09,XPEV,54.997044,4.5618825,-0.092,-0.04042,0.17277999,-0.03323,57.825,1.119,1.018,19575289856.0
2026-01-09,YUM,29.918127,-5.6852865,,0.17951,0.46173,0.34410998,,1.694,0.084,42614157312.0
2026-01-09,ZBH,23.344912,1.4617321,0.06421,0.100530006,0.71624,0.17003,64.523,2.428,0.097,18644920320.0
2026-01-09,ZS,49.129665,17.723434,-0.02407,-0.01449,0.76767,-0.03875,92.65,1.824,0.255,35134697472.0
2026-01-09,ZTS,21.355219,10.37458,0.49868,0.28211,0.71736,0.39333,135.05,3.643,0.005,56217825280.0
